"cop","Inf.round","clutch","selection_line","exposed","checking_day","cop_stage_checking","infection","grp","dead","dpi"
"4_001_1A",1,"C1","control",1,2,"C2",0,"uninf",1,30
"4_001_1B",1,"C1","control",1,2,"C2",1,"control",0,30
"4_001_1C",1,"C1","control",1,2,"C2",0,"uninf",1,6
"4_001_1D",1,"C1","control",1,2,"C1",1,"control",1,8
"4_001_2A",1,"C1","control",1,2,"C1",0,"uninf",1,6
"4_001_2B",1,"C1","control",1,2,"C2",0,"uninf",0,30
"4_001_2C",1,"C1","control",1,2,"C2",0,"uninf",1,6
"4_001_2D",1,"C1","control",1,2,"C1",1,"control",1,6
"4_001_3A",1,"C1","control",1,2,"C1",1,"control",1,10
"4_001_3B",1,"C1","control",1,2,"C2",0,"uninf",0,30
"4_001_3C",1,"C1","control",1,2,"C1",0,"uninf",1,6
"4_001_3D",1,"C1","control",1,2,"C1",1,"control",1,6
"4_001_4A",1,"C1","control",1,2,"C2",0,"uninf",0,30
"4_001_4B",1,"C1","control",1,NA,NA,NA,"uninf",0,30
"4_001_4C",1,"C1","control",1,2,"C2",1,"control",1,6
"4_001_4D",1,"C1","control",1,2,"C2",1,"control",1,8
"4_001_5A",1,"C1","control",1,2,"C2",0,"uninf",0,30
"4_001_5B",1,"C1","control",1,2,"C2",0,"uninf",0,30
"4_001_5C",1,"C1","control",1,2,"C2",1,"control",1,6
"4_001_5D",1,"C1","control",1,2,"C2",0,"uninf",1,6
"4_001_6A",1,"C1","control",1,2,"C2",0,"uninf",1,6
"4_001_6B",1,"C1","control",1,2,"C2",0,"uninf",1,30
"4_001_6C",1,"C1","control",1,2,"C2",1,"control",1,6
"4_001_6D",1,"C1","control",1,2,"C2",0,"uninf",1,8
"4_002_1A",1,"F5","fast",1,2,"C2",1,"fast",1,6
"4_002_1B",1,"F5","fast",1,2,"C2",0,"uninf",1,6
"4_002_1C",1,"F5","fast",1,2,"C2",1,"fast",0,30
"4_002_1D",1,"F5","fast",1,2,"C2",1,"fast",0,30
"4_002_2A",1,"F5","fast",1,2,"C2",0,"uninf",1,6
"4_002_2B",1,"F5","fast",1,2,"C2",1,"fast",1,6
"4_002_2C",1,"F5","fast",1,NA,NA,NA,"uninf",0,30
"4_002_2D",1,"F5","fast",1,2,"C2",1,"fast",0,30
"4_002_3A",1,"F5","fast",1,2,"C2",1,"fast",1,6
"4_002_3B",1,"F5","fast",1,2,"C2",0,"uninf",1,6
"4_002_3C",1,"F5","fast",1,2,"C2",0,"uninf",1,15
"4_002_3D",1,"F5","fast",1,2,"C2",1,"fast",0,30
"4_002_4A",1,"C5","control",1,2,"C2",0,"uninf",1,6
"4_002_4B",1,"C5","control",1,2,"C2",1,"control",1,6
"4_002_4C",1,"C5","control",1,2,"C2",0,"uninf",0,30
"4_002_4D",1,"C5","control",1,2,"C1",0,"uninf",0,30
"4_002_5A",1,"C5","control",1,2,"C2",0,"uninf",1,8
"4_002_5B",1,"C5","control",1,NA,NA,NA,"uninf",0,30
"4_002_5C",1,"C5","control",1,2,"C2",0,"uninf",1,6
"4_002_5D",1,"C5","control",1,2,"C1",0,"uninf",1,8
"4_002_6A",1,"C5","control",1,2,"C2",0,"uninf",1,6
"4_002_6B",1,"C5","control",1,2,"C3",0,"uninf",1,6
"4_002_6C",1,"C5","control",1,2,"C2",0,"uninf",0,30
"4_002_6D",1,"C5","control",1,2,"C1",1,"control",1,8
"4_003_1A",1,"S3","slow",1,2,"C2",1,"slow",0,30
"4_003_1B",1,"S3","slow",1,2,"C2",0,"uninf",0,30
"4_003_1C",1,"S3","slow",1,2,"C2",0,"uninf",1,6
"4_003_1D",1,"S3","slow",1,2,"C2",0,"uninf",1,6
"4_003_2A",1,"S3","slow",1,2,"C2",0,"uninf",1,8
"4_003_2B",1,"S3","slow",1,2,"C2",0,"uninf",1,15
"4_003_2C",1,"S3","slow",1,NA,NA,NA,"uninf",0,30
"4_003_2D",1,"S3","slow",1,2,"C2",0,"uninf",1,6
"4_003_3A",1,"S3","slow",1,2,"C2",1,"slow",1,19
"4_003_3B",1,"S3","slow",1,2,"C2",1,"slow",0,30
"4_003_3C",1,"S3","slow",1,2,"C1",1,"slow",1,6
"4_003_3D",1,"S3","slow",1,2,"C2",0,"uninf",1,6
"4_003_4A",1,"S3","slow",1,2,"C2",1,"slow",0,30
"4_003_4B",1,"S3","slow",1,2,"C2",1,"slow",0,30
"4_003_4C",1,"S3","slow",1,NA,NA,NA,"uninf",0,30
"4_003_4D",1,"S3","slow",1,2,"C2",1,"slow",1,6
"4_003_5A",1,"S3","slow",1,2,"C2",0,"uninf",0,30
"4_003_5B",1,"S3","slow",1,2,"C2",0,"uninf",0,30
"4_003_5C",1,"S3","slow",1,2,"C2",0,"uninf",1,6
"4_003_5D",1,"S3","slow",1,2,"C2",0,"uninf",1,6
"4_003_6A",1,"S3","slow",1,NA,NA,NA,"uninf",0,30
"4_003_6B",1,"S3","slow",1,2,"C2",0,"uninf",1,6
"4_003_6C",1,"S3","slow",1,2,"C2",0,"uninf",1,6
"4_003_6D",1,"S3","slow",1,2,"C1",1,"slow",1,6
"4_004_1A",1,"S12","slow",1,2,"C2",0,"uninf",1,6
"4_004_1B",1,"S12","slow",1,2,"C2",1,"slow",1,6
"4_004_1C",1,"S12","slow",1,2,"C2",1,"slow",0,30
"4_004_1D",1,"S12","slow",1,2,"C2",1,"slow",0,30
"4_004_2A",1,"S12","slow",1,2,"C2",0,"uninf",1,6
"4_004_2B",1,"S12","slow",1,2,"C2",0,"uninf",1,6
"4_004_2C",1,"S12","slow",1,2,"C2",1,"slow",0,30
"4_004_2D",1,"S12","slow",1,NA,NA,NA,"uninf",1,6
"4_004_3A",1,"S12","slow",1,2,"C2",0,"uninf",1,6
"4_004_3B",1,"S12","slow",1,2,"C1",0,"uninf",1,6
"4_004_3C",1,"S12","slow",1,2,"C2",1,"slow",0,30
"4_004_3D",1,"","",0,2,"C2",0,"unexp",0,30
"4_004_4A",1,"S12","slow",1,2,"C2",1,"slow",1,6
"4_004_4B",1,"","",0,2,"C2",0,"unexp",1,6
"4_004_4C",1,"S12","slow",1,2,"C2",0,"uninf",0,30
"4_004_4D",1,"S12","slow",1,2,"C2",1,"slow",0,30
"4_004_5A",1,"S12","slow",1,2,"C2",1,"slow",1,6
"4_004_5B",1,"S12","slow",1,2,"C2",0,"uninf",1,6
"4_004_5C",1,"S12","slow",1,2,"C1",0,"uninf",0,30
"4_004_5D",1,"S12","slow",1,2,"C2",0,"uninf",0,30
"4_004_6A",1,"S12","slow",1,2,"C1",0,"uninf",1,6
"4_004_6B",1,"S12","slow",1,2,"C1",1,"slow",1,6
"4_004_6C",1,"S12","slow",1,2,"C2",1,"slow",0,30
"4_004_6D",1,"S12","slow",1,2,"C2",0,"uninf",0,30
"4_005_1A",1,"F6","fast",1,2,"C2",1,"fast",1,6
"4_005_1B",1,"F6","fast",1,2,"C2",1,"fast",0,30
"4_005_1C",1,"F7","fast",1,NA,NA,NA,"uninf",0,30
"4_005_1D",1,"F5","fast",1,2,"C2",0,"uninf",1,6
"4_005_2A",1,"F6","fast",1,2,"C1",1,"fast",0,30
"4_005_2B",1,"F6","fast",1,2,"C2",0,"uninf",0,30
"4_005_2C",1,"F7","fast",1,2,"C2",0,"uninf",1,8
"4_005_2D",1,"F5","fast",1,2,"C2",0,"uninf",1,6
"4_005_3A",1,"F6","fast",1,2,"C2",1,"fast",0,30
"4_005_3B",1,"F6","fast",1,2,"C2",1,"fast",0,30
"4_005_3C",1,"","",0,NA,NA,NA,"unexp",0,30
"4_005_3D",1,"F5","fast",1,2,"C1",1,"fast",1,6
"4_005_4A",1,"","",0,2,"C2",0,"unexp",1,6
"4_005_4B",1,"F6","fast",1,2,"C2",1,"fast",0,30
"4_005_4C",1,"F7","fast",1,2,"C2",1,"fast",1,6
"4_005_4D",1,"F5","fast",1,2,"C2",0,"uninf",1,6
"4_005_5A",1,"F6","fast",1,2,"C2",1,"fast",0,30
"4_005_5B",1,"F6","fast",1,2,"C2",1,"fast",1,6
"4_005_5C",1,"F7","fast",1,2,"C2",0,"uninf",1,6
"4_005_5D",1,"F5","fast",1,2,"C1",0,"uninf",1,6
"4_005_6A",1,"F6","fast",1,2,"C2",0,"uninf",1,17
"4_005_6B",1,"F6","fast",1,2,"C2",0,"uninf",0,30
"4_005_6C",1,"F7","fast",1,2,"C2",0,"uninf",1,6
"4_005_6D",1,"F5","fast",1,2,"C2",0,"uninf",1,6
"4_006_1A",1,"S4","slow",1,3,"C2",1,"slow",1,8
"4_006_1B",1,"S4","slow",1,3,"C2",0,"uninf",1,6
"4_006_1C",1,"S4","slow",1,3,"C2",1,"slow",1,6
"4_006_1D",1,"S4","slow",1,3,"C2",0,"uninf",0,30
"4_006_2A",1,"S4","slow",1,3,"C2",1,"slow",1,6
"4_006_2B",1,"S4","slow",1,3,"C2",0,"uninf",1,6
"4_006_2C",1,"S4","slow",1,3,"C2",0,"uninf",0,30
"4_006_2D",1,"S4","slow",1,3,"C2",0,"uninf",1,29
"4_006_3A",1,"S4","slow",1,3,"C2",0,"uninf",1,6
"4_006_3B",1,"","",0,3,"C2",0,"unexp",1,6
"4_006_3C",1,"S4","slow",1,3,"C1",0,"uninf",1,15
"4_006_3D",1,"S4","slow",1,3,"C2",1,"slow",0,30
"4_006_4A",1,"S4","slow",1,3,"C2",0,"uninf",1,6
"4_006_4B",1,"S4","slow",1,3,"C2",1,"slow",1,6
"4_006_4C",1,"S4","slow",1,3,"C2",1,"slow",0,30
"4_006_4D",1,"","",0,3,"C2",0,"unexp",1,8
"4_006_5A",1,"S4","slow",1,3,"C2",0,"uninf",1,6
"4_006_5B",1,"S4","slow",1,3,"C2",1,"slow",1,6
"4_006_5C",1,"S4","slow",1,3,"C2",1,"slow",0,30
"4_006_5D",1,"S4","slow",1,3,"C2",0,"uninf",1,6
"4_006_6A",1,"S4","slow",1,NA,NA,NA,"uninf",0,30
"4_006_6B",1,"S4","slow",1,3,"C2",0,"uninf",1,6
"4_006_6C",1,"S4","slow",1,3,"C3",0,"uninf",0,30
"4_006_6D",1,"S4","slow",1,3,"C2",0,"uninf",0,30
"4_007_1A",1,"F12","fast",1,3,"C2",1,"fast",0,30
"4_007_1B",1,"F12","fast",1,3,"C2",0,"uninf",1,30
"4_007_1C",1,"F12","fast",1,3,"C2",1,"fast",1,6
"4_007_1D",1,"F12","fast",1,3,"C2",1,"fast",1,6
"4_007_2A",1,"F12","fast",1,NA,NA,NA,"uninf",0,30
"4_007_2B",1,"F12","fast",1,NA,NA,NA,"uninf",0,30
"4_007_2C",1,"F12","fast",1,3,"C2",1,"fast",1,6
"4_007_2D",1,"F12","fast",1,3,"C2",0,"uninf",1,8
"4_007_3A",1,"","",0,3,"C2",0,"unexp",0,30
"4_007_3B",1,"F12","fast",1,3,"C2",1,"fast",0,30
"4_007_3C",1,"F12","fast",1,3,"C2",1,"fast",1,8
"4_007_3D",1,"F12","fast",1,3,"C2",1,"fast",1,8
"4_007_4A",1,"F12","fast",1,3,"C2",0,"uninf",1,15
"4_007_4B",1,"F12","fast",1,3,"C2",1,"fast",0,30
"4_007_4C",1,"","",0,3,"C2",0,"unexp",1,6
"4_007_4D",1,"F12","fast",1,3,"C2",1,"fast",1,6
"4_007_5A",1,"F12","fast",1,3,"C2",0,"uninf",1,10
"4_007_5B",1,"F12","fast",1,3,"C2",1,"fast",1,29
"4_007_5C",1,"F12","fast",1,3,"C2",1,"fast",1,6
"4_007_5D",1,"F12","fast",1,3,"C2",1,"fast",1,6
"4_007_6A",1,"F12","fast",1,3,"C2",0,"uninf",0,30
"4_007_6B",1,"F12","fast",1,3,"C2",0,"uninf",0,30
"4_007_6C",1,"F12","fast",1,3,"C2",1,"fast",1,6
"4_007_6D",1,"F12","fast",1,3,"C2",0,"uninf",1,6
"4_008_1A",1,"F6","fast",1,3,"C2",0,"uninf",1,8
"4_008_1B",1,"F6","fast",1,3,"C2",1,"fast",1,6
"4_008_1C",1,"F6","fast",1,3,"C2",1,"fast",0,30
"4_008_1D",1,"F6","fast",1,3,"C2",1,"fast",1,6
"4_008_2A",1,"F6","fast",1,3,"C2",0,"uninf",1,8
"4_008_2B",1,"F6","fast",1,3,"C2",0,"uninf",1,6
"4_008_2C",1,"F6","fast",1,3,"C2",1,"fast",0,30
"4_008_2D",1,"F6","fast",1,3,"C2",1,"fast",0,30
"4_008_3A",1,"F6","fast",1,3,"C2",1,"fast",1,6
"4_008_3B",1,"F6","fast",1,3,"C2",0,"uninf",1,8
"4_008_3C",1,"F6","fast",1,3,"C2",0,"uninf",0,30
"4_008_3D",1,"","",0,3,"C2",0,"unexp",0,30
"4_008_4A",1,"","",0,3,"C2",0,"unexp",1,6
"4_008_4B",1,"F6","fast",1,3,"C2",1,"fast",1,8
"4_008_4C",1,"F6","fast",1,3,"C2",1,"fast",0,30
"4_008_4D",1,"F6","fast",1,NA,NA,NA,"uninf",0,30
"4_008_5A",1,"F6","fast",1,3,"C1",1,"fast",1,6
"4_008_5B",1,"F6","fast",1,3,"C2",0,"uninf",1,6
"4_008_5C",1,"F6","fast",1,3,"C2",0,"uninf",0,30
"4_008_5D",1,"F6","fast",1,3,"C2",1,"fast",0,30
"4_008_6A",1,"F6","fast",1,3,"C2",1,"fast",1,6
"4_008_6B",1,"F6","fast",1,3,"C1",0,"uninf",1,8
"4_008_6C",1,"F6","fast",1,3,"C2",1,"fast",0,30
"4_008_6D",1,"F6","fast",1,NA,NA,NA,"uninf",0,30
"4_009_1A",1,"C4","control",1,3,"C2",0,"uninf",0,30
"4_009_1B",1,"C4","control",1,3,"C2",0,"uninf",0,30
"4_009_1C",1,"C4","control",1,3,"C2",1,"control",1,6
"4_009_1D",1,"C4","control",1,3,"C2",0,"uninf",1,8
"4_009_2A",1,"C4","control",1,3,"C3",1,"control",0,30
"4_009_2B",1,"C4","control",1,3,"C2",0,"uninf",0,30
"4_009_2C",1,"C4","control",1,NA,NA,NA,"uninf",0,30
"4_009_2D",1,"C4","control",1,3,"C2",0,"uninf",1,6
"4_009_3A",1,"C4","control",1,3,"C2",1,"control",0,30
"4_009_3B",1,"C4","control",1,3,"C2",1,"control",0,30
"4_009_3C",1,"C4","control",1,3,"C2",1,"control",1,8
"4_009_3D",1,"C4","control",1,3,"C2",1,"control",1,6
"4_009_4A",1,"C4","control",1,3,"C2",0,"uninf",1,6
"4_009_4B",1,"C4","control",1,3,"C2",0,"uninf",0,30
"4_009_4C",1,"C4","control",1,3,"C2",0,"uninf",1,6
"4_009_4D",1,"C4","control",1,3,"C2",1,"control",1,6
"4_009_5A",1,"C4","control",1,3,"C2",1,"control",0,30
"4_009_5B",1,"C4","control",1,3,"C2",1,"control",0,30
"4_009_5C",1,"C4","control",1,3,"C2",0,"uninf",1,6
"4_009_5D",1,"C4","control",1,3,"C2",0,"uninf",1,6
"4_009_6A",1,"C4","control",1,3,"C2",1,"control",0,30
"4_009_6B",1,"C4","control",1,NA,NA,NA,"uninf",0,30
"4_009_6C",1,"C4","control",1,3,"C2",1,"control",1,8
"4_009_6D",1,"C4","control",1,3,"C2",1,"control",1,6
"4_010_1A",1,"C7","control",1,3,"C2",0,"uninf",1,6
"4_010_1B",1,"C7","control",1,3,"C2",1,"control",1,6
"4_010_1C",1,"C7","control",1,3,"C2",0,"uninf",0,30
"4_010_1D",1,"C7","control",1,3,"C2",1,"control",0,30
"4_010_2A",1,"C7","control",1,3,"C2",0,"uninf",1,6
"4_010_2B",1,"C7","control",1,3,"C2",0,"uninf",1,6
"4_010_2C",1,"C7","control",1,3,"C2",0,"uninf",0,30
"4_010_2D",1,"C7","control",1,3,"C2",0,"uninf",0,30
"4_010_3A",1,"C7","control",1,NA,NA,NA,"uninf",0,30
"4_010_3B",1,"C7","control",1,3,"C2",0,"uninf",1,6
"4_010_3C",1,"C7","control",1,3,"C2",0,"uninf",0,30
"4_010_3D",1,"C7","control",1,3,"C2",0,"uninf",0,30
"4_010_4A",1,"C7","control",1,NA,NA,NA,"uninf",0,30
"4_010_4B",1,"C7","control",1,3,"C1",1,"control",1,6
"4_010_4C",1,"C7","control",1,3,"C2",0,"uninf",0,30
"4_010_4D",1,"C7","control",1,NA,NA,NA,"uninf",0,30
"4_010_5A",1,"C7","control",1,3,"C2",0,"uninf",1,6
"4_010_5B",1,"C7","control",1,3,"C2",0,"uninf",1,6
"4_010_5C",1,"C7","control",1,3,"C2",0,"uninf",0,30
"4_010_5D",1,"C7","control",1,3,"C2",1,"control",0,30
"4_010_6A",1,"C7","control",1,3,"C2",0,"uninf",1,6
"4_010_6B",1,"C7","control",1,NA,NA,NA,"uninf",1,6
"4_010_6C",1,"C7","control",1,3,"C2",1,"control",0,30
"4_010_6D",1,"C7","control",1,3,"C2",1,"control",0,30
"4_011_1A",1,"C6","control",1,2,"C2",0,"uninf",1,29
"4_011_1B",1,"C6","control",1,2,"C1",1,"control",0,30
"4_011_1C",1,"C6","control",1,2,"C2",1,"control",1,6
"4_011_1D",1,"C6","control",1,2,"C1",0,"uninf",1,6
"4_011_2A",1,"C6","control",1,NA,NA,NA,"uninf",0,30
"4_011_2B",1,"C6","control",1,2,"C2",1,"control",1,6
"4_011_2C",1,"C6","control",1,2,"C1",0,"uninf",1,6
"4_011_2D",1,"C6","control",1,2,"C2",0,"uninf",1,6
"4_011_3A",1,"C6","control",1,NA,NA,NA,"uninf",0,30
"4_011_3B",1,"C6","control",1,2,"C2",1,"control",0,30
"4_011_3C",1,"C6","control",1,NA,NA,NA,"uninf",0,30
"4_011_3D",1,"C6","control",1,2,"C2",0,"uninf",1,6
"4_011_4A",1,"C6","control",1,2,"C2",1,"control",0,30
"4_011_4B",1,"C6","control",1,2,"C2",1,"control",0,30
"4_011_4C",1,"C6","control",1,2,"C1",0,"uninf",1,6
"4_011_4D",1,"C6","control",1,NA,NA,NA,"uninf",0,30
"4_011_5A",1,"C6","control",1,2,"C1",1,"control",0,30
"4_011_5B",1,"C6","control",1,2,"C2",0,"uninf",0,30
"4_011_5C",1,"C6","control",1,2,"C2",1,"control",1,6
"4_011_5D",1,"C6","control",1,2,"C2",1,"control",1,6
"4_011_6A",1,"C6","control",1,2,"C2",1,"control",0,30
"4_011_6B",1,"C6","control",1,2,"C1",0,"uninf",0,30
"4_011_6C",1,"C6","control",1,2,"C1",1,"control",1,6
"4_011_6D",1,"C6","control",1,2,"C1",0,"uninf",1,8
"4_012_1A",1,"F11","fast",1,2,"C2",0,"uninf",1,6
"4_012_1B",1,"F11","fast",1,2,"C2",1,"fast",1,6
"4_012_1C",1,"F12","fast",1,2,"C2",1,"fast",0,30
"4_012_1D",1,"F12","fast",1,2,"C2",0,"uninf",1,10
"4_012_2A",1,"F11","fast",1,2,"C2",1,"fast",1,6
"4_012_2B",1,"F11","fast",1,2,"C2",1,"fast",1,6
"4_012_2C",1,"F12","fast",1,2,"C2",1,"fast",0,30
"4_012_2D",1,"F12","fast",1,2,"C1",1,"fast",1,6
"4_012_3A",1,"F11","fast",1,2,"C2",1,"fast",1,6
"4_012_3B",1,"","",0,2,"C2",0,"unexp",1,6
"4_012_3C",1,"F12","fast",1,2,"C2",1,"fast",0,30
"4_012_3D",1,"F12","fast",1,2,"C2",1,"fast",0,30
"4_012_4A",1,"F8","fast",1,2,"C2",0,"uninf",1,6
"4_012_4B",1,"F11","fast",1,2,"C2",1,"fast",1,6
"4_012_4C",1,"","",0,2,"C2",0,"unexp",1,6
"4_012_4D",1,"F12","fast",1,2,"C2",1,"fast",1,6
"4_012_5A",1,"F8","fast",1,2,"C2",1,"fast",1,6
"4_012_5B",1,"F11","fast",1,2,"C2",1,"fast",1,6
"4_012_5C",1,"F12","fast",1,2,"C2",1,"fast",0,30
"4_012_5D",1,"F12","fast",1,2,"C2",0,"uninf",0,30
"4_012_6A",1,"F8","fast",1,2,"C2",0,"uninf",1,6
"4_012_6B",1,"F11","fast",1,2,"C2",1,"fast",1,8
"4_012_6C",1,"F12","fast",1,2,"C2",1,"fast",0,30
"4_012_6D",1,"F12","fast",1,2,"C2",1,"fast",0,30
"4_013_1A",1,"C11","control",1,2,"C2",0,"uninf",0,30
"4_013_1B",1,"C11","control",1,2,"C2",1,"control",0,30
"4_013_1C",1,"C11","control",1,2,"C2",1,"control",1,6
"4_013_1D",1,"C11","control",1,2,"C2",1,"control",1,8
"4_013_2A",1,"C11","control",1,2,"C2",1,"control",0,30
"4_013_2B",1,"C11","control",1,NA,NA,NA,"uninf",0,30
"4_013_2C",1,"C11","control",1,2,"C2",1,"control",1,6
"4_013_2D",1,"C11","control",1,2,"C2",1,"control",1,6
"4_013_3A",1,"C11","control",1,2,"C2",0,"uninf",0,30
"4_013_3B",1,"C11","control",1,2,"C2",0,"uninf",0,30
"4_013_3C",1,"C11","control",1,2,"C2",1,"control",1,6
"4_013_3D",1,"C11","control",1,2,"C2",0,"uninf",1,6
"4_013_4A",1,"C11","control",1,2,"C2",0,"uninf",0,30
"4_013_4B",1,"C11","control",1,2,"C2",1,"control",0,30
"4_013_4C",1,"C11","control",1,2,"C2",1,"control",1,6
"4_013_4D",1,"C11","control",1,2,"C2",0,"uninf",1,6
"4_013_5A",1,"C11","control",1,2,"C2",1,"control",0,30
"4_013_5B",1,"C11","control",1,2,"C1",1,"control",1,6
"4_013_5C",1,"C11","control",1,2,"C2",1,"control",1,6
"4_013_5D",1,"C11","control",1,2,"C2",1,"control",1,6
"4_013_6A",1,"C11","control",1,2,"C2",0,"uninf",0,30
"4_013_6B",1,"C11","control",1,2,"C2",0,"uninf",0,30
"4_013_6C",1,"C11","control",1,2,"C2",1,"control",1,8
"4_013_6D",1,"C11","control",1,2,"C2",1,"control",1,6
"4_014_1A",1,"S2","slow",1,NA,NA,NA,"uninf",0,30
"4_014_1B",1,"S2","slow",1,2,"C2",1,"slow",1,6
"4_014_1C",1,"S2","slow",1,2,"C2",0,"uninf",0,30
"4_014_1D",1,"S2","slow",1,2,"C2",1,"slow",0,30
"4_014_2A",1,"S2","slow",1,2,"C2",0,"uninf",1,8
"4_014_2B",1,"S2","slow",1,2,"C2",0,"uninf",1,6
"4_014_2C",1,"S2","slow",1,2,"C2",1,"slow",1,17
"4_014_2D",1,"S2","slow",1,2,"C2",0,"uninf",0,30
"4_014_3A",1,"S2","slow",1,2,"C2",1,"slow",1,6
"4_014_3B",1,"S2","slow",1,2,"C2",0,"uninf",1,8
"4_014_3C",1,"S2","slow",1,2,"C2",1,"slow",0,30
"4_014_3D",1,"","",0,2,"C2",0,"unexp",1,29
"4_014_4A",1,"","",0,2,"C2",0,"unexp",1,6
"4_014_4B",1,"S2","slow",1,2,"C1",1,"slow",1,6
"4_014_4C",1,"S2","slow",1,2,"C1",1,"slow",1,6
"4_014_4D",1,"S2","slow",1,2,"C2",0,"uninf",0,30
"4_014_5A",1,"S2","slow",1,NA,NA,NA,"uninf",0,30
"4_014_5B",1,"S2","slow",1,2,"C2",1,"slow",1,8
"4_014_5C",1,"S2","slow",1,2,"C2",0,"uninf",0,30
"4_014_5D",1,"S2","slow",1,2,"C2",1,"slow",0,30
"4_014_6A",1,"S2","slow",1,2,"C2",0,"uninf",1,6
"4_014_6B",1,"S2","slow",1,NA,NA,NA,"uninf",0,30
"4_014_6C",1,"S2","slow",1,2,"C2",1,"slow",0,30
"4_014_6D",1,"S2","slow",1,2,"C1",0,"uninf",0,30
"4_015_1A",1,"S8","slow",1,2,"C2",1,"slow",1,15
"4_015_1B",1,"S8","slow",1,2,"C2",0,"uninf",1,30
"4_015_1C",1,"S8","slow",1,2,"C2",1,"slow",1,6
"4_015_1D",1,"S8","slow",1,2,"C2",0,"uninf",1,6
"4_015_2A",1,"S8","slow",1,2,"C2",1,"slow",0,30
"4_015_2B",1,"S8","slow",1,2,"C2",0,"uninf",0,30
"4_015_2C",1,"S8","slow",1,2,"C2",1,"slow",1,8
"4_015_2D",1,"S8","slow",1,2,"C2",0,"uninf",1,8
"4_015_3A",1,"S8","slow",1,2,"C1",1,"slow",1,6
"4_015_3B",1,"S8","slow",1,2,"C2",1,"slow",0,30
"4_015_3C",1,"S8","slow",1,2,"C1",0,"uninf",1,6
"4_015_3D",1,"","",0,2,"C1",0,"unexp",1,6
"4_015_4A",1,"S8","slow",1,2,"C2",1,"slow",1,13
"4_015_4B",1,"","",0,2,"C2",0,"unexp",1,22
"4_015_4C",1,"S8","slow",1,2,"C2",0,"uninf",1,6
"4_015_4D",1,"S8","slow",1,2,"C2",0,"uninf",1,6
"4_015_5A",1,"S8","slow",1,2,"C2",1,"slow",0,30
"4_015_5B",1,"S8","slow",1,2,"C2",1,"slow",0,30
"4_015_5C",1,"S8","slow",1,2,"C2",0,"uninf",1,6
"4_015_5D",1,"S8","slow",1,2,"C2",0,"uninf",1,6
"4_015_6A",1,"S8","slow",1,2,"C2",0,"uninf",0,30
"4_015_6B",1,"S8","slow",1,2,"C2",1,"slow",0,30
"4_015_6C",1,"S8","slow",1,2,"C2",1,"slow",1,6
"4_015_6D",1,"S8","slow",1,2,"C2",1,"slow",1,6
"4_016_1A",1,"C5","control",1,2,"C2",1,"control",1,8
"4_016_1B",1,"C5","control",1,NA,NA,NA,"uninf",0,30
"4_016_1C",1,"C5","control",1,2,"C2",1,"control",0,30
"4_016_1D",1,"C5","control",1,2,"C2",1,"control",0,30
"4_016_2A",1,"C5","control",1,2,"C2",1,"control",1,8
"4_016_2B",1,"C5","control",1,2,"C2",0,"uninf",1,8
"4_016_2C",1,"C5","control",1,2,"C2",0,"uninf",0,30
"4_016_2D",1,"C5","control",1,2,"C2",1,"control",0,30
"4_016_3A",1,"C5","control",1,2,"C2",0,"uninf",1,6
"4_016_3B",1,"C5","control",1,2,"C2",1,"control",1,6
"4_016_3C",1,"C5","control",1,2,"C2",0,"uninf",0,30
"4_016_3D",1,"C5","control",1,2,"C2",0,"uninf",0,30
"4_016_4A",1,"F5","fast",1,2,"C2",0,"uninf",1,6
"4_016_4B",1,"F5","fast",1,2,"C2",1,"fast",1,8
"4_016_4C",1,"F5","fast",1,2,"C1",0,"uninf",1,6
"4_016_4D",1,"F5","fast",1,2,"C2",1,"fast",1,30
"4_016_5A",1,"F5","fast",1,2,"C2",1,"fast",1,8
"4_016_5B",1,"F5","fast",1,2,"C2",0,"uninf",1,6
"4_016_5C",1,"F5","fast",1,2,"C2",0,"uninf",1,8
"4_016_5D",1,"F5","fast",1,2,"C2",1,"fast",0,30
"4_016_6A",1,"F5","fast",1,2,"C2",1,"fast",1,6
"4_016_6B",1,"F5","fast",1,2,"C2",1,"fast",1,8
"4_016_6C",1,"F5","fast",1,2,"C2",0,"uninf",0,30
"4_016_6D",1,"F5","fast",1,NA,NA,NA,"uninf",0,30
"4_017_1A",1,"S6","slow",1,2,"C2",1,"slow",0,30
"4_017_1B",1,"S6","slow",1,2,"C1",0,"uninf",0,30
"4_017_1C",1,"S6","slow",1,2,"C2",0,"uninf",1,8
"4_017_1D",1,"S6","slow",1,2,"C2",1,"slow",1,8
"4_017_2A",1,"S6","slow",1,2,"C1",1,"slow",0,30
"4_017_2B",1,"S6","slow",1,2,"C1",0,"uninf",1,6
"4_017_2C",1,"S6","slow",1,2,"C2",1,"slow",1,8
"4_017_2D",1,"S6","slow",1,2,"C2",1,"slow",1,8
"4_017_3A",1,"S6","slow",1,NA,NA,NA,"uninf",0,30
"4_017_3B",1,"S6","slow",1,2,"C1",0,"uninf",0,30
"4_017_3C",1,"S6","slow",1,2,"C2",1,"slow",1,6
"4_017_3D",1,"S6","slow",1,2,"C2",1,"slow",1,8
"4_017_4A",1,"S6","slow",1,2,"C2",1,"slow",0,30
"4_017_4B",1,"","",0,2,"C2",0,"unexp",1,8
"4_017_4C",1,"","",0,2,"C1",0,"unexp",1,6
"4_017_4D",1,"S6","slow",1,2,"C2",0,"uninf",1,8
"4_017_5A",1,"S6","slow",1,2,"C2",0,"uninf",0,30
"4_017_5B",1,"S6","slow",1,2,"C2",1,"slow",0,30
"4_017_5C",1,"S6","slow",1,NA,NA,NA,"uninf",0,30
"4_017_5D",1,"S6","slow",1,2,"C2",1,"slow",1,6
"4_017_6A",1,"S6","slow",1,2,"C2",1,"slow",1,15
"4_017_6B",1,"S6","slow",1,2,"C2",1,"slow",0,30
"4_017_6C",1,"S6","slow",1,2,"C2",1,"slow",1,8
"4_017_6D",1,"S6","slow",1,2,"C2",0,"uninf",1,8
"4_018_1A",1,"C3","control",1,2,"C2",0,"uninf",1,6
"4_018_1B",1,"C3","control",1,2,"C2",0,"uninf",1,6
"4_018_1C",1,"C3","control",1,2,"C2",0,"uninf",0,30
"4_018_1D",1,"C3","control",1,2,"C2",1,"control",0,30
"4_018_2A",1,"C3","control",1,2,"C2",0,"uninf",1,6
"4_018_2B",1,"C3","control",1,2,"C2",0,"uninf",1,6
"4_018_2C",1,"C3","control",1,2,"C2",1,"control",0,30
"4_018_2D",1,"C3","control",1,2,"C2",1,"control",0,30
"4_018_3A",1,"C3","control",1,2,"C2",0,"uninf",1,8
"4_018_3B",1,"C3","control",1,2,"C2",1,"control",1,6
"4_018_3C",1,"C3","control",1,2,"C2",1,"control",0,30
"4_018_3D",1,"C3","control",1,2,"C2",1,"control",0,30
"4_018_4A",1,"C3","control",1,2,"C2",0,"uninf",1,6
"4_018_4B",1,"C3","control",1,2,"C2",1,"control",1,6
"4_018_4C",1,"C3","control",1,2,"C2",0,"uninf",0,30
"4_018_4D",1,"C3","control",1,2,"C2",0,"uninf",1,29
"4_018_5A",1,"C3","control",1,2,"C2",1,"control",1,6
"4_018_5B",1,"C3","control",1,2,"C2",1,"control",1,6
"4_018_5C",1,"C3","control",1,2,"C2",0,"uninf",1,22
"4_018_5D",1,"C3","control",1,2,"C2",0,"uninf",0,30
"4_018_6A",1,"C3","control",1,2,"C2",0,"uninf",1,6
"4_018_6B",1,"C3","control",1,2,"C2",0,"uninf",1,8
"4_018_6C",1,"C3","control",1,NA,NA,NA,"uninf",0,30
"4_018_6D",1,"C3","control",1,2,"C2",0,"uninf",0,30
"4_019_1A",1,"F9","fast",1,2,"C2",0,"uninf",1,30
"4_019_1B",1,"F9","fast",1,2,"C1",1,"fast",0,30
"4_019_1C",1,"F9","fast",1,2,"C2",0,"uninf",1,6
"4_019_1D",1,"F9","fast",1,2,"C2",0,"uninf",1,8
"4_019_2A",1,"F9","fast",1,2,"C2",0,"uninf",0,30
"4_019_2B",1,"F9","fast",1,2,"C2",1,"fast",0,30
"4_019_2C",1,"F9","fast",1,2,"C2",0,"uninf",1,8
"4_019_2D",1,"F9","fast",1,2,"C2",1,"fast",1,8
"4_019_3A",1,"F9","fast",1,2,"C2",1,"fast",1,6
"4_019_3B",1,"F9","fast",1,2,"C2",1,"fast",0,30
"4_019_3C",1,"F9","fast",1,2,"C2",0,"uninf",1,8
"4_019_3D",1,"","",0,2,"C2",0,"unexp",1,8
"4_019_4A",1,"","",0,2,"C2",0,"unexp",0,30
"4_019_4B",1,"F9","fast",1,2,"C2",1,"fast",0,30
"4_019_4C",1,"F9","fast",1,2,"C2",0,"uninf",1,8
"4_019_4D",1,"F9","fast",1,2,"C2",1,"fast",1,8
"4_019_5A",1,"F9","fast",1,2,"C2",0,"uninf",0,30
"4_019_5B",1,"F9","fast",1,2,"C2",1,"fast",0,30
"4_019_5C",1,"F9","fast",1,2,"C2",1,"fast",1,8
"4_019_5D",1,"F9","fast",1,2,"C2",0,"uninf",1,6
"4_019_6A",1,"F9","fast",1,2,"C2",1,"fast",0,30
"4_019_6B",1,"F9","fast",1,2,"C2",0,"uninf",0,30
"4_019_6C",1,"F9","fast",1,2,"C1",0,"uninf",1,6
"4_019_6D",1,"F9","fast",1,2,"C2",1,"fast",1,8
"4_020_1A",1,"F3","fast",1,2,"C2",0,"uninf",1,8
"4_020_1B",1,"F9","fast",1,2,"C2",1,"fast",1,6
"4_020_1C",1,"F9","fast",1,2,"C2",1,"fast",0,30
"4_020_1D",1,"F9","fast",1,2,"C2",0,"uninf",0,30
"4_020_2A",1,"F3","fast",1,2,"C2",0,"uninf",1,6
"4_020_2B",1,"F9","fast",1,2,"C2",0,"uninf",1,6
"4_020_2C",1,"F9","fast",1,2,"C2",1,"fast",0,30
"4_020_2D",1,"F9","fast",1,2,"C2",0,"uninf",1,15
"4_020_3A",1,"F3","fast",1,2,"C2",0,"uninf",1,6
"4_020_3B",1,"F9","fast",1,2,"C2",1,"fast",1,6
"4_020_3C",1,"","",0,2,"C2",0,"unexp",1,27
"4_020_3D",1,"F9","fast",1,2,"C2",1,"fast",0,30
"4_020_4A",1,"F3","fast",1,2,"C2",1,"fast",1,6
"4_020_4B",1,"","",0,2,"C2",0,"unexp",1,6
"4_020_4C",1,"F9","fast",1,2,"C2",1,"fast",1,15
"4_020_4D",1,"F9","fast",1,2,"C2",0,"uninf",1,29
"4_020_5A",1,"F3","fast",1,2,"C2",0,"uninf",1,6
"4_020_5B",1,"F9","fast",1,2,"C2",0,"uninf",1,6
"4_020_5C",1,"F9","fast",1,2,"C2",1,"fast",0,30
"4_020_5D",1,"F9","fast",1,2,"C2",0,"uninf",1,29
"4_020_6A",1,"F3","fast",1,2,"C2",0,"uninf",1,8
"4_020_6B",1,"F9","fast",1,2,"C2",0,"uninf",1,6
"4_020_6C",1,"F9","fast",1,2,"C2",1,"fast",0,30
"4_020_6D",1,"F9","fast",1,2,"C2",1,"fast",0,30
"4_021_1A",1,"C9","control",1,NA,NA,NA,"uninf",0,30
"4_021_1B",1,"C9","control",1,2,"C2",0,"uninf",0,30
"4_021_1C",1,"C9","control",1,2,"C2",1,"control",1,6
"4_021_1D",1,"C9","control",1,2,"C2",0,"uninf",1,6
"4_021_2A",1,"C9","control",1,2,"C2",0,"uninf",0,30
"4_021_2B",1,"C9","control",1,NA,NA,NA,"uninf",0,30
"4_021_2C",1,"C9","control",1,2,"C2",0,"uninf",1,6
"4_021_2D",1,"C9","control",1,2,"C2",0,"uninf",1,6
"4_021_3A",1,"C9","control",1,2,"C2",1,"control",0,30
"4_021_3B",1,"","",0,2,"C2",0,"unexp",1,6
"4_021_3C",1,"C9","control",1,2,"C2",1,"control",1,6
"4_021_3D",1,"C9","control",1,2,"C2",1,"control",1,6
"4_021_4A",1,"C9","control",1,2,"C2",1,"control",0,30
"4_021_4B",1,"C9","control",1,2,"C2",1,"control",1,6
"4_021_4C",1,"","",0,2,"C2",0,"unexp",1,8
"4_021_4D",1,"C9","control",1,2,"C2",0,"uninf",1,6
"4_021_5A",1,"C9","control",1,2,"C1",1,"control",1,10
"4_021_5B",1,"C9","control",1,2,"C2",1,"control",0,30
"4_021_5C",1,"C9","control",1,2,"C2",1,"control",1,6
"4_021_5D",1,"C9","control",1,2,"C2",1,"control",1,6
"4_021_6A",1,"C9","control",1,2,"C2",1,"control",0,30
"4_021_6B",1,"C9","control",1,2,"C2",0,"uninf",1,6
"4_021_6C",1,"C9","control",1,2,"C2",1,"control",1,6
"4_021_6D",1,"C9","control",1,2,"C2",0,"uninf",1,6
"4_022_1A",1,"C10","control",1,2,"C2",1,"control",1,8
"4_022_1B",1,"C10","control",1,2,"C2",0,"uninf",1,6
"4_022_1C",1,"C10","control",1,2,"C2",0,"uninf",1,30
"4_022_1D",1,"C10","control",1,2,"C2",0,"uninf",0,30
"4_022_2A",1,"C10","control",1,2,"C2",0,"uninf",1,6
"4_022_2B",1,"C10","control",1,2,"C2",1,"control",1,8
"4_022_2C",1,"C10","control",1,2,"C2",0,"uninf",0,30
"4_022_2D",1,"C10","control",1,2,"C2",0,"uninf",1,30
"4_022_3A",1,"C10","control",1,2,"C2",1,"control",1,8
"4_022_3B",1,"C10","control",1,2,"C2",0,"uninf",1,8
"4_022_3C",1,"C10","control",1,2,"C2",0,"uninf",1,6
"4_022_3D",1,"C10","control",1,2,"C2",1,"control",0,30
"4_022_4A",1,"C10","control",1,2,"C2",0,"uninf",1,6
"4_022_4B",1,"C10","control",1,2,"C2",1,"control",1,6
"4_022_4C",1,"C10","control",1,2,"C2",1,"control",1,22
"4_022_4D",1,"C10","control",1,2,"C2",0,"uninf",0,30
"4_022_5A",1,"C10","control",1,2,"C2",0,"uninf",1,8
"4_022_5B",1,"C10","control",1,2,"C2",0,"uninf",1,6
"4_022_5C",1,"C10","control",1,NA,NA,NA,"uninf",1,6
"4_022_5D",1,"C10","control",1,2,"C1",0,"uninf",1,8
"4_022_6A",1,"C10","control",1,2,"C2",0,"uninf",1,8
"4_022_6B",1,"C10","control",1,2,"C2",1,"control",1,8
"4_022_6C",1,"C10","control",1,2,"C2",0,"uninf",0,30
"4_022_6D",1,"C10","control",1,2,"C2",1,"control",0,30
"4_023_1A",1,"F10","fast",1,2,"C2",1,"fast",0,30
"4_023_1B",1,"F10","fast",1,2,"C2",1,"fast",0,30
"4_023_1C",1,"F10","fast",1,2,"C2",1,"fast",1,6
"4_023_1D",1,"F10","fast",1,2,"C2",1,"fast",1,6
"4_023_2A",1,"F10","fast",1,2,"C2",1,"fast",0,30
"4_023_2B",1,"F10","fast",1,2,"C2",0,"uninf",0,30
"4_023_2C",1,"F10","fast",1,2,"C2",1,"fast",1,6
"4_023_2D",1,"F10","fast",1,2,"C2",0,"uninf",1,6
"4_023_3A",1,"F10","fast",1,2,"C2",1,"fast",0,30
"4_023_3B",1,"","",0,2,"C2",0,"unexp",0,30
"4_023_3C",1,"F10","fast",1,2,"C2",1,"fast",1,6
"4_023_3D",1,"F10","fast",1,2,"C2",0,"uninf",1,8
"4_023_4A",1,"F10","fast",1,2,"C2",0,"uninf",0,30
"4_023_4B",1,"F10","fast",1,2,"C2",1,"fast",0,30
"4_023_4C",1,"F10","fast",1,2,"C2",0,"uninf",1,6
"4_023_4D",1,"","",0,2,"C2",0,"unexp",1,6
"4_023_5A",1,"F10","fast",1,2,"C2",0,"uninf",0,30
"4_023_5B",1,"F10","fast",1,2,"C2",0,"uninf",0,30
"4_023_5C",1,"F10","fast",1,2,"C2",0,"uninf",1,6
"4_023_5D",1,"F10","fast",1,2,"C2",0,"uninf",1,6
"4_023_6A",1,"F10","fast",1,NA,NA,NA,"uninf",0,30
"4_023_6B",1,"F10","fast",1,2,"C2",0,"uninf",0,30
"4_023_6C",1,"F10","fast",1,2,"C2",0,"uninf",1,6
"4_023_6D",1,"F10","fast",1,2,"C2",0,"uninf",1,6
"4_024_1A",1,"S9","slow",1,2,"C2",1,"slow",1,6
"4_024_1B",1,"S9","slow",1,2,"C2",0,"uninf",1,6
"4_024_1C",1,"S9","slow",1,2,"C2",0,"uninf",1,6
"4_024_1D",1,"S9","slow",1,2,"C1",1,"slow",1,8
"4_024_2A",1,"S9","slow",1,2,"C2",0,"uninf",1,8
"4_024_2B",1,"S9","slow",1,2,"C2",0,"uninf",1,6
"4_024_2C",1,"S9","slow",1,2,"C2",1,"slow",1,15
"4_024_2D",1,"S9","slow",1,2,"C2",0,"uninf",0,30
"4_024_3A",1,"","",0,2,"C2",0,"unexp",1,8
"4_024_3B",1,"S9","slow",1,2,"C2",0,"uninf",1,6
"4_024_3C",1,"S9","slow",1,2,"C2",0,"uninf",0,30
"4_024_3D",1,"S9","slow",1,2,"C2",0,"uninf",0,30
"4_024_4A",1,"S9","slow",1,2,"C2",0,"uninf",1,6
"4_024_4B",1,"S9","slow",1,2,"C2",0,"uninf",1,6
"4_024_4C",1,"","",0,2,"C2",0,"unexp",1,30
"4_024_4D",1,"S9","slow",1,2,"C2",0,"uninf",1,29
"4_024_5A",1,"S9","slow",1,2,"C2",0,"uninf",1,6
"4_024_5B",1,"S9","slow",1,2,"C2",1,"slow",1,6
"4_024_5C",1,"S9","slow",1,2,"C2",1,"slow",0,30
"4_024_5D",1,"S9","slow",1,2,"C2",1,"slow",0,30
"4_024_6A",1,"S9","slow",1,2,"C2",1,"slow",1,8
"4_024_6B",1,"S9","slow",1,2,"C2",0,"uninf",1,6
"4_024_6C",1,"S9","slow",1,2,"C2",0,"uninf",1,29
"4_024_6D",1,"S9","slow",1,2,"C1",1,"slow",1,8
"4_025_1A",1,"F10","fast",1,2,"C2",1,"fast",0,30
"4_025_1B",1,"F10","fast",1,2,"C2",1,"fast",0,30
"4_025_1C",1,"F10","fast",1,2,"C3",1,"fast",1,6
"4_025_1D",1,"F10","fast",1,2,"C2",0,"uninf",1,8
"4_025_2A",1,"F10","fast",1,2,"C2",1,"fast",0,30
"4_025_2B",1,"F10","fast",1,2,"C2",1,"fast",0,30
"4_025_2C",1,"F10","fast",1,2,"C2",0,"uninf",1,6
"4_025_2D",1,"F10","fast",1,2,"C2",0,"uninf",1,8
"4_025_3A",1,"F10","fast",1,2,"C1",0,"uninf",1,6
"4_025_3B",1,"F10","fast",1,2,"C2",1,"fast",0,30
"4_025_3C",1,"F10","fast",1,2,"C1",1,"fast",1,8
"4_025_3D",1,"F10","fast",1,NA,NA,NA,"uninf",0,30
"4_025_4A",1,"F10","fast",1,2,"C3",1,"fast",1,6
"4_025_4B",1,"F10","fast",1,2,"C1",0,"uninf",0,30
"4_025_4C",1,"F10","fast",1,2,"C3",0,"uninf",1,8
"4_025_4D",1,"F10","fast",1,2,"C3",0,"uninf",1,8
"4_025_5A",1,"F10","fast",1,2,"C1",0,"uninf",0,30
"4_025_5B",1,"F10","fast",1,2,"C2",0,"uninf",1,8
"4_025_5C",1,"F10","fast",1,2,"C2",0,"uninf",1,6
"4_025_5D",1,"F10","fast",1,2,"C3",0,"uninf",1,8
"4_025_6A",1,"F10","fast",1,2,"C1",0,"uninf",0,30
"4_025_6B",1,"F10","fast",1,2,"C3",0,"uninf",0,30
"4_025_6C",1,"F10","fast",1,2,"C2",0,"uninf",1,8
"4_025_6D",1,"F10","fast",1,2,"C2",1,"fast",1,6
"4_026_1A",1,"C2","control",1,2,"C2",0,"uninf",1,6
"4_026_1B",1,"C2","control",1,2,"C2",1,"control",1,8
"4_026_1C",1,"C2","control",1,2,"C2",1,"control",0,30
"4_026_1D",1,"C2","control",1,2,"C2",1,"control",0,30
"4_026_2A",1,"C2","control",1,2,"C2",1,"control",1,6
"4_026_2B",1,"C2","control",1,NA,NA,NA,"uninf",0,30
"4_026_2C",1,"C2","control",1,2,"C2",0,"uninf",0,30
"4_026_2D",1,"C2","control",1,2,"C1",1,"control",0,30
"4_026_3A",1,"C2","control",1,2,"C2",1,"control",1,6
"4_026_3B",1,"C2","control",1,2,"C2",1,"control",1,8
"4_026_3C",1,"C2","control",1,2,"C1",1,"control",1,8
"4_026_3D",1,"C2","control",1,2,"C2",0,"uninf",0,30
"4_026_4A",1,"C2","control",1,2,"C2",1,"control",1,8
"4_026_4B",1,"C2","control",1,2,"C2",0,"uninf",1,6
"4_026_4C",1,"C2","control",1,2,"C2",0,"uninf",0,30
"4_026_4D",1,"C2","control",1,2,"C2",0,"uninf",0,30
"4_026_5A",1,"C2","control",1,2,"C1",1,"control",1,6
"4_026_5B",1,"C2","control",1,2,"C2",1,"control",1,8
"4_026_5C",1,"C2","control",1,2,"C3",0,"uninf",0,30
"4_026_5D",1,"C2","control",1,2,"C3",0,"uninf",0,30
"4_026_6A",1,"C2","control",1,2,"C2",1,"control",1,8
"4_026_6B",1,"C2","control",1,2,"C2",1,"control",1,8
"4_026_6C",1,"C2","control",1,2,"C2",1,"control",0,30
"4_026_6D",1,"C2","control",1,2,"C3",1,"control",1,6
"4_027_1A",1,"S1","slow",1,2,"C1",1,"slow",0,30
"4_027_1B",1,"S1","slow",1,2,"C2",0,"uninf",0,30
"4_027_1C",1,"S1","slow",1,2,"C2",1,"slow",1,6
"4_027_1D",1,"S1","slow",1,2,"C2",1,"slow",1,6
"4_027_2A",1,"S1","slow",1,2,"C2",0,"uninf",0,30
"4_027_2B",1,"S1","slow",1,2,"C1",1,"slow",1,6
"4_027_2C",1,"S1","slow",1,2,"C2",0,"uninf",1,8
"4_027_2D",1,"S1","slow",1,2,"C2",1,"slow",1,6
"4_027_3A",1,"","",0,2,"C2",0,"unexp",0,30
"4_027_3B",1,"S1","slow",1,2,"C2",1,"slow",0,30
"4_027_3C",1,"S1","slow",1,2,"C2",1,"slow",1,8
"4_027_3D",1,"S1","slow",1,2,"C2",1,"slow",1,8
"4_027_4A",1,"S1","slow",1,2,"C2",1,"slow",0,30
"4_027_4B",1,"S1","slow",1,2,"C1",1,"slow",0,30
"4_027_4C",1,"S1","slow",1,2,"C2",0,"uninf",1,8
"4_027_4D",1,"","",0,2,"C2",0,"unexp",1,6
"4_027_5A",1,"S1","slow",1,2,"C2",1,"slow",1,8
"4_027_5B",1,"S1","slow",1,2,"C2",1,"slow",0,30
"4_027_5C",1,"S1","slow",1,2,"C2",1,"slow",1,8
"4_027_5D",1,"S1","slow",1,2,"C2",1,"slow",1,8
"4_027_6A",1,"S1","slow",1,2,"C2",0,"uninf",0,30
"4_027_6B",1,"S1","slow",1,2,"C3",1,"slow",1,17
"4_027_6C",1,"S1","slow",1,2,"C2",1,"slow",1,6
"4_027_6D",1,"S1","slow",1,2,"C2",1,"slow",1,8
"4_028_1A",1,"C8","control",1,2,"C2",1,"control",1,6
"4_028_1B",1,"C8","control",1,2,"C2",1,"control",1,6
"4_028_1C",1,"C8","control",1,NA,NA,NA,"uninf",0,30
"4_028_1D",1,"C8","control",1,2,"C2",1,"control",0,30
"4_028_2A",1,"C8","control",1,2,"C2",0,"uninf",1,6
"4_028_2B",1,"C8","control",1,2,"C2",1,"control",1,6
"4_028_2C",1,"C8","control",1,2,"C2",1,"control",1,17
"4_028_2D",1,"C8","control",1,2,"C2",0,"uninf",1,27
"4_028_3A",1,"C8","control",1,2,"C2",0,"uninf",1,6
"4_028_3B",1,"C8","control",1,2,"C2",1,"control",1,8
"4_028_3C",1,"","",0,2,"C2",0,"unexp",1,29
"4_028_3D",1,"C8","control",1,2,"C2",0,"uninf",1,29
"4_028_4A",1,"C8","control",1,2,"C2",1,"control",1,6
"4_028_4B",1,"","",0,NA,NA,NA,"unexp",0,30
"4_028_4C",1,"C8","control",1,2,"C2",0,"uninf",0,30
"4_028_4D",1,"C8","control",1,2,"C2",0,"uninf",1,6
"4_028_5A",1,"C8","control",1,2,"C2",1,"control",1,8
"4_028_5B",1,"C8","control",1,NA,NA,NA,"uninf",0,30
"4_028_5C",1,"C8","control",1,2,"C2",0,"uninf",0,30
"4_028_5D",1,"C8","control",1,2,"C2",1,"control",1,17
"4_028_6A",1,"C8","control",1,2,"C2",1,"control",1,6
"4_028_6B",1,"C8","control",1,2,"C2",1,"control",1,8
"4_028_6C",1,"C8","control",1,2,"C2",0,"uninf",0,30
"4_028_6D",1,"C8","control",1,2,"C2",1,"control",0,30
"4_029_1A",1,"S11","slow",1,2,"C2",0,"uninf",0,30
"4_029_1B",1,"S11","slow",1,2,"C2",0,"uninf",0,30
"4_029_1C",1,"S11","slow",1,2,"C2",1,"slow",1,6
"4_029_1D",1,"S11","slow",1,2,"C2",0,"uninf",1,6
"4_029_2A",1,"S11","slow",1,2,"C2",0,"uninf",0,30
"4_029_2B",1,"S11","slow",1,2,"C2",1,"slow",0,30
"4_029_2C",1,"S11","slow",1,2,"C2",1,"slow",1,6
"4_029_2D",1,"S11","slow",1,2,"C2",0,"uninf",1,8
"4_029_3A",1,"S11","slow",1,2,"C1",1,"slow",1,6
"4_029_3B",1,"","",0,2,"C2",0,"unexp",1,30
"4_029_3C",1,"S11","slow",1,2,"C2",1,"slow",1,8
"4_029_3D",1,"S11","slow",1,2,"C2",1,"slow",1,8
"4_029_4A",1,"S11","slow",1,2,"C2",1,"slow",0,30
"4_029_4B",1,"S11","slow",1,2,"C2",0,"uninf",1,15
"4_029_4C",1,"","",0,2,"C2",0,"unexp",1,8
"4_029_4D",1,"S11","slow",1,2,"C2",1,"slow",1,6
"4_029_5A",1,"S11","slow",1,2,"C2",0,"uninf",1,10
"4_029_5B",1,"S11","slow",1,2,"C2",0,"uninf",0,30
"4_029_5C",1,"S11","slow",1,2,"C2",0,"uninf",1,8
"4_029_5D",1,"S11","slow",1,2,"C2",0,"uninf",1,8
"4_029_6A",1,"S11","slow",1,2,"C2",0,"uninf",1,27
"4_029_6B",1,"S11","slow",1,2,"C2",0,"uninf",0,30
"4_029_6C",1,"S11","slow",1,2,"C2",0,"uninf",1,6
"4_029_6D",1,"S11","slow",1,2,"C2",0,"uninf",1,8
"4_030_1A",1,"S10","slow",1,NA,NA,NA,"uninf",0,30
"4_030_1B",1,"S10","slow",1,2,"C2",1,"slow",1,6
"4_030_1C",1,"S10","slow",1,2,"C2",0,"uninf",0,30
"4_030_1D",1,"S10","slow",1,2,"C2",0,"uninf",0,30
"4_030_2A",1,"S10","slow",1,2,"C2",0,"uninf",1,6
"4_030_2B",1,"S10","slow",1,2,"C2",0,"uninf",1,8
"4_030_2C",1,"S10","slow",1,2,"C2",0,"uninf",1,6
"4_030_2D",1,"S10","slow",1,2,"C2",1,"slow",0,30
"4_030_3A",1,"S10","slow",1,NA,NA,NA,"uninf",0,30
"4_030_3B",1,"S10","slow",1,2,"C2",1,"slow",1,6
"4_030_3C",1,"S10","slow",1,2,"C2",1,"slow",0,30
"4_030_3D",1,"S10","slow",1,2,"C2",1,"slow",0,30
"4_030_4A",1,"S10","slow",1,NA,NA,NA,"uninf",0,30
"4_030_4B",1,"S10","slow",1,2,"C2",0,"uninf",1,6
"4_030_4C",1,"S10","slow",1,2,"C1",1,"slow",1,6
"4_030_4D",1,"S10","slow",1,2,"C2",0,"uninf",0,30
"4_030_5A",1,"S10","slow",1,2,"C2",1,"slow",1,6
"4_030_5B",1,"S10","slow",1,2,"C2",1,"slow",1,8
"4_030_5C",1,"S10","slow",1,2,"C2",0,"uninf",0,30
"4_030_5D",1,"S10","slow",1,2,"C2",0,"uninf",0,30
"4_030_6A",1,"S10","slow",1,NA,NA,NA,"uninf",0,30
"4_030_6B",1,"S10","slow",1,2,"C2",0,"uninf",1,6
"4_030_6C",1,"S10","slow",1,2,"C2",1,"slow",0,30
"4_030_6D",1,"S10","slow",1,2,"C2",0,"uninf",0,30
"4_031_1A",1,"F11","fast",1,2,"C2",0,"uninf",0,30
"4_031_1B",1,"F11","fast",1,2,"C2",0,"uninf",1,8
"4_031_1C",1,"F11","fast",1,2,"C2",0,"uninf",1,6
"4_031_1D",1,"F11","fast",1,2,"C2",1,"fast",1,8
"4_031_2A",1,"F11","fast",1,2,"C1",0,"uninf",0,30
"4_031_2B",1,"F11","fast",1,2,"C2",0,"uninf",0,30
"4_031_2C",1,"F11","fast",1,2,"C2",1,"fast",1,8
"4_031_2D",1,"F11","fast",1,2,"C2",1,"fast",1,6
"4_031_3A",1,"","",0,2,"C2",0,"unexp",0,30
"4_031_3B",1,"F11","fast",1,2,"C2",1,"fast",0,30
"4_031_3C",1,"F11","fast",1,2,"C2",0,"uninf",1,8
"4_031_3D",1,"F11","fast",1,2,"C2",1,"fast",1,8
"4_031_4A",1,"F11","fast",1,2,"C2",0,"uninf",0,30
"4_031_4B",1,"F11","fast",1,2,"C3",1,"fast",0,30
"4_031_4C",1,"F11","fast",1,2,"C2",0,"uninf",1,6
"4_031_4D",1,"","",0,2,"C2",0,"unexp",1,6
"4_031_5A",1,"F11","fast",1,2,"C2",0,"uninf",1,8
"4_031_5B",1,"F11","fast",1,2,"C2",1,"fast",0,30
"4_031_5C",1,"F11","fast",1,2,"C2",1,"fast",1,6
"4_031_5D",1,"F11","fast",1,2,"C2",0,"uninf",1,6
"4_031_6A",1,"F11","fast",1,2,"C1",1,"fast",0,30
"4_031_6B",1,"F11","fast",1,2,"C2",1,"fast",0,30
"4_031_6C",1,"F11","fast",1,NA,NA,NA,"uninf",0,30
"4_031_6D",1,"F11","fast",1,2,"C1",0,"uninf",1,6
"4_032_1A",1,"S7","slow",1,3,"C2",0,"uninf",1,6
"4_032_1B",1,"S7","slow",1,3,"C2",1,"slow",1,6
"4_032_1C",1,"S7","slow",1,3,"C2",0,"uninf",0,30
"4_032_1D",1,"S7","slow",1,3,"C2",1,"slow",0,30
"4_032_2A",1,"S7","slow",1,3,"C2",0,"uninf",1,8
"4_032_2B",1,"S7","slow",1,3,"C2",1,"slow",1,8
"4_032_2C",1,"S7","slow",1,3,"C2",1,"slow",1,8
"4_032_2D",1,"S7","slow",1,3,"C2",1,"slow",0,30
"4_032_3A",1,"S7","slow",1,3,"C2",0,"uninf",1,6
"4_032_3B",1,"S7","slow",1,3,"C2",0,"uninf",1,6
"4_032_3C",1,"S7","slow",1,3,"C2",1,"slow",0,30
"4_032_3D",1,"","",0,3,"C2",0,"unexp",0,30
"4_032_4A",1,"S7","slow",1,3,"C2",0,"uninf",1,6
"4_032_4B",1,"S7","slow",1,3,"C2",1,"slow",1,6
"4_032_4C",1,"S7","slow",1,3,"C2",1,"slow",0,30
"4_032_4D",1,"","",0,3,"C2",0,"unexp",0,30
"4_032_5A",1,"S7","slow",1,3,"C2",0,"uninf",1,6
"4_032_5B",1,"S7","slow",1,3,"C2",0,"uninf",1,6
"4_032_5C",1,"S7","slow",1,3,"C2",1,"slow",0,30
"4_032_5D",1,"S7","slow",1,3,"C2",1,"slow",0,30
"4_032_6A",1,"S7","slow",1,3,"C2",0,"uninf",1,8
"4_032_6B",1,"S7","slow",1,3,"C2",0,"uninf",1,6
"4_032_6C",1,"S7","slow",1,3,"C2",1,"slow",0,30
"4_032_6D",1,"S7","slow",1,3,"C2",0,"uninf",0,30
"4_033_1A",1,"F7","fast",1,3,"C2",0,"uninf",0,30
"4_033_1B",1,"F7","fast",1,3,"C2",1,"fast",0,30
"4_033_1C",1,"F7","fast",1,3,"C2",1,"fast",1,8
"4_033_1D",1,"F7","fast",1,3,"C2",0,"uninf",1,6
"4_033_2A",1,"F7","fast",1,3,"C2",0,"uninf",1,6
"4_033_2B",1,"F7","fast",1,3,"C2",1,"fast",0,30
"4_033_2C",1,"F7","fast",1,NA,NA,NA,"uninf",0,30
"4_033_2D",1,"F7","fast",1,3,"C2",0,"uninf",1,6
"4_033_3A",1,"F7","fast",1,3,"C2",0,"uninf",0,30
"4_033_3B",1,"F7","fast",1,NA,NA,NA,"uninf",0,30
"4_033_3C",1,"","",0,3,"C2",0,"unexp",1,6
"4_033_3D",1,"F7","fast",1,3,"C2",0,"uninf",1,6
"4_033_4A",1,"F7","fast",1,3,"C1",0,"uninf",0,30
"4_033_4B",1,"F7","fast",1,3,"C2",0,"uninf",0,30
"4_033_4C",1,"","",0,3,"C2",0,"unexp",1,8
"4_033_4D",1,"F7","fast",1,3,"C2",1,"fast",1,8
"4_033_5A",1,"F7","fast",1,3,"C2",0,"uninf",0,30
"4_033_5B",1,"F7","fast",1,3,"C2",0,"uninf",0,30
"4_033_5C",1,"F7","fast",1,3,"C2",0,"uninf",1,6
"4_033_5D",1,"F11","fast",1,3,"C2",1,"fast",1,6
"4_033_6A",1,"F7","fast",1,3,"C1",0,"uninf",1,6
"4_033_6B",1,"F7","fast",1,3,"C2",1,"fast",0,30
"4_033_6C",1,"F7","fast",1,3,"C2",1,"fast",1,6
"4_033_6D",1,"F11","fast",1,NA,NA,NA,"uninf",0,30
"4_034_1A",1,"S5","slow",1,2,"C2",0,"uninf",1,6
"4_034_1B",1,"S5","slow",1,2,"C2",1,"slow",1,6
"4_034_1C",1,"S5","slow",1,2,"C2",1,"slow",1,6
"4_034_1D",1,"S5","slow",1,2,"C2",0,"uninf",0,30
"4_034_2A",1,"S5","slow",1,2,"C2",0,"uninf",1,6
"4_034_2B",1,"S5","slow",1,2,"C2",1,"slow",1,6
"4_034_2C",1,"S5","slow",1,NA,NA,NA,"uninf",0,30
"4_034_2D",1,"S5","slow",1,2,"C2",1,"slow",1,10
"4_034_3A",1,"S5","slow",1,2,"C2",1,"slow",1,6
"4_034_3B",1,"","",0,2,"C2",0,"unexp",1,6
"4_034_3C",1,"S5","slow",1,2,"C2",0,"uninf",0,30
"4_034_3D",1,"S5","slow",1,2,"C2",1,"slow",0,30
"4_034_4A",1,"S5","slow",1,2,"C2",1,"slow",1,6
"4_034_4B",1,"","",0,2,"C2",0,"unexp",1,6
"4_034_4C",1,"S5","slow",1,2,"C2",1,"slow",0,30
"4_034_4D",1,"S5","slow",1,2,"C1",0,"uninf",1,6
"4_034_5A",1,"S5","slow",1,2,"C2",1,"slow",1,6
"4_034_5B",1,"S5","slow",1,2,"C2",1,"slow",1,6
"4_034_5C",1,"S5","slow",1,2,"C2",0,"uninf",0,30
"4_034_5D",1,"S5","slow",1,2,"C1",0,"uninf",1,6
"4_034_6A",1,"S5","slow",1,2,"C2",1,"slow",1,6
"4_034_6B",1,"S5","slow",1,2,"C1",0,"uninf",1,6
"4_034_6C",1,"S5","slow",1,2,"C2",0,"uninf",0,30
"4_034_6D",1,"S5","slow",1,2,"C2",0,"uninf",0,30
"4_035_1A",1,"F4","fast",1,2,"C2",1,"fast",1,6
"4_035_1B",1,"F4","fast",1,2,"C2",1,"fast",0,30
"4_035_1C",1,"F4","fast",1,2,"C2",0,"uninf",1,6
"4_035_1D",1,"F4","fast",1,2,"C2",1,"fast",1,6
"4_035_2A",1,"F4","fast",1,2,"C2",1,"fast",0,30
"4_035_2B",1,"F4","fast",1,2,"C2",1,"fast",0,30
"4_035_2C",1,"F4","fast",1,2,"C2",0,"uninf",1,8
"4_035_2D",1,"F4","fast",1,2,"C2",0,"uninf",1,6
"4_035_3A",1,"","",0,2,"C2",0,"unexp",1,30
"4_035_3B",1,"F4","fast",1,2,"C2",0,"uninf",0,30
"4_035_3C",1,"F4","fast",1,2,"C2",1,"fast",1,6
"4_035_3D",1,"F4","fast",1,2,"C2",0,"uninf",1,6
"4_035_4A",1,"","",0,2,"C2",0,"unexp",0,30
"4_035_4B",1,"F4","fast",1,NA,NA,NA,"uninf",0,30
"4_035_4C",1,"F4","fast",1,2,"C2",1,"fast",1,6
"4_035_4D",1,"F4","fast",1,2,"C2",1,"fast",1,6
"4_035_5A",1,"F4","fast",1,2,"C2",1,"fast",0,30
"4_035_5B",1,"F4","fast",1,2,"C2",1,"fast",0,30
"4_035_5C",1,"F4","fast",1,2,"C2",1,"fast",1,6
"4_035_5D",1,"F4","fast",1,2,"C2",1,"fast",1,6
"4_035_6A",1,"F4","fast",1,2,"C2",1,"fast",1,6
"4_035_6B",1,"F4","fast",1,2,"C2",1,"fast",0,30
"4_035_6C",1,"F4","fast",1,2,"C2",1,"fast",1,6
"4_035_6D",1,"F4","fast",1,2,"C2",1,"fast",1,6
"4_036_1A",1,"C12","control",1,2,"C2",0,"uninf",1,6
"4_036_1B",1,"C12","control",1,2,"C2",0,"uninf",1,8
"4_036_1C",1,"C12","control",1,2,"C2",1,"control",0,30
"4_036_1D",1,"C12","control",1,2,"C1",1,"control",0,30
"4_036_2A",1,"C12","control",1,2,"C2",0,"uninf",1,6
"4_036_2B",1,"C12","control",1,2,"C2",0,"uninf",1,8
"4_036_2C",1,"C12","control",1,NA,NA,NA,"uninf",0,30
"4_036_2D",1,"C12","control",1,2,"C2",0,"uninf",0,30
"4_036_3A",1,"C12","control",1,2,"C2",1,"control",1,8
"4_036_3B",1,"C12","control",1,2,"C2",0,"uninf",1,8
"4_036_3C",1,"C12","control",1,2,"C2",1,"control",1,6
"4_036_3D",1,"C12","control",1,2,"C2",1,"control",0,30
"4_036_4A",1,"C12","control",1,NA,NA,NA,"uninf",0,30
"4_036_4B",1,"C12","control",1,2,"C2",0,"uninf",1,8
"4_036_4C",1,"C12","control",1,2,"C2",1,"control",1,6
"4_036_4D",1,"C12","control",1,2,"C2",0,"uninf",0,30
"4_036_5A",1,"C12","control",1,NA,NA,NA,"uninf",0,30
"4_036_5B",1,"C12","control",1,2,"C2",0,"uninf",1,6
"4_036_5C",1,"C12","control",1,2,"C2",0,"uninf",0,30
"4_036_5D",1,"C12","control",1,2,"C2",0,"uninf",0,30
"4_036_6A",1,"C12","control",1,2,"C2",1,"control",1,6
"4_036_6B",1,"C12","control",1,2,"C1",1,"control",1,6
"4_036_6C",1,"C12","control",1,2,"C2",0,"uninf",0,30
"4_036_6D",1,"C12","control",1,2,"C2",1,"control",0,30
"4_037_1A",2,"C7","control",1,5,"C2",1,"control",0,30
"4_037_1B",2,"C7","control",1,5,"C2",0,"uninf",0,30
"4_037_1C",2,"C7","control",1,NA,NA,NA,"uninf",0,30
"4_037_1D",2,"C7","control",1,5,"C2",0,"uninf",1,8
"4_037_2A",2,"C7","control",1,5,"C2",0,"uninf",0,30
"4_037_2B",2,"C7","control",1,5,"C3",0,"uninf",1,27
"4_037_2C",2,"C7","control",1,5,"C2",0,"uninf",1,6
"4_037_2D",2,"C7","control",1,5,"C3",0,"uninf",1,8
"4_037_3A",2,"","",0,5,"C2",0,"unexp",0,30
"4_037_3B",2,"C7","control",1,5,"C2",1,"control",0,30
"4_037_3C",2,"C7","control",1,5,"C2",0,"uninf",1,6
"4_037_3D",2,"C7","control",1,5,"C2",0,"uninf",1,8
"4_037_4A",2,"C7","control",1,5,"C2",1,"control",0,30
"4_037_4B",2,"C7","control",1,5,"C2",1,"control",0,30
"4_037_4C",2,"C7","control",1,5,"C2",0,"uninf",1,6
"4_037_4D",2,"","",0,5,"C2",0,"unexp",1,10
"4_037_5A",2,"C7","control",1,5,"C2",0,"uninf",0,30
"4_037_5B",2,"C7","control",1,5,"C2",0,"uninf",0,30
"4_037_5C",2,"C7","control",1,5,"C2",0,"uninf",1,8
"4_037_5D",2,"C7","control",1,5,"C3",0,"uninf",1,6
"4_037_6A",2,"C7","control",1,5,"C2",1,"control",0,30
"4_037_6B",2,"C7","control",1,NA,NA,NA,"uninf",0,30
"4_037_6C",2,"C7","control",1,5,"C2",0,"uninf",1,8
"4_037_6D",2,"C7","control",1,5,"C2",0,"uninf",1,6
"4_038_1A",2,"C4","control",1,5,"C1",0,"uninf",1,8
"4_038_1B",2,"C4","control",1,5,"C2",0,"uninf",1,8
"4_038_1C",2,"C4","control",1,5,"C3",1,"control",1,6
"4_038_1D",2,"C4","control",1,5,"C2",1,"control",0,30
"4_038_2A",2,"C4","control",1,5,"C2",1,"control",1,6
"4_038_2B",2,"C4","control",1,NA,NA,NA,"uninf",0,30
"4_038_2C",2,"C4","control",1,5,"C2",0,"uninf",0,30
"4_038_2D",2,"C4","control",1,5,"C2",1,"control",1,6
"4_038_3A",2,"C4","control",1,5,"C2",1,"control",1,6
"4_038_3B",2,"C4","control",1,5,"C2",0,"uninf",1,6
"4_038_3C",2,"C4","control",1,NA,NA,NA,"uninf",0,30
"4_038_3D",2,"","",0,5,"C2",0,"unexp",0,30
"4_038_4A",2,"","",0,5,"C2",0,"unexp",1,6
"4_038_4B",2,"C4","control",1,NA,NA,NA,"uninf",0,30
"4_038_4C",2,"C4","control",1,5,"C2",1,"control",0,30
"4_038_4D",2,"C4","control",1,5,"C3",1,"control",1,22
"4_038_5A",2,"C4","control",1,5,"C2",1,"control",1,6
"4_038_5B",2,"C4","control",1,5,"C2",1,"control",1,8
"4_038_5C",2,"C4","control",1,5,"C2",1,"control",0,30
"4_038_5D",2,"C4","control",1,5,"C2",0,"uninf",1,8
"4_038_6A",2,"C4","control",1,5,"C2",1,"control",1,6
"4_038_6B",2,"C4","control",1,5,"C2",0,"uninf",1,6
"4_038_6C",2,"C4","control",1,5,"C2",1,"control",1,8
"4_038_6D",2,"C4","control",1,5,"C2",1,"control",0,30
"4_039_1A",2,"S5","slow",1,NA,NA,NA,"uninf",0,30
"4_039_1B",2,"S5","slow",1,5,"C2",1,"slow",1,6
"4_039_1C",2,"S5","slow",1,5,"C2",1,"slow",1,6
"4_039_1D",2,"S5","slow",1,5,"C2",1,"slow",1,6
"4_039_2A",2,"S5","slow",1,5,"C2",1,"slow",1,10
"4_039_2B",2,"S5","slow",1,NA,NA,NA,"uninf",0,30
"4_039_2C",2,"S5","slow",1,NA,NA,NA,"uninf",0,30
"4_039_2D",2,"","",0,5,"C2",0,"unexp",1,6
"4_039_3A",2,"S5","slow",1,5,"C2",1,"slow",1,20
"4_039_3B",2,"S5","slow",1,5,"C2",1,"slow",1,6
"4_039_3C",2,"S5","slow",1,5,"C2",1,"slow",1,6
"4_039_3D",2,"S5","slow",1,5,"C2",0,"uninf",1,6
"4_039_4A",2,"S5","slow",1,NA,NA,NA,"uninf",0,30
"4_039_4B",2,"S5","slow",1,5,"C2",0,"uninf",0,30
"4_039_4C",2,"S5","slow",1,NA,NA,NA,"uninf",0,30
"4_039_4D",2,"S5","slow",1,5,"C2",1,"slow",1,6
"4_039_5A",2,"","",0,5,"C2",0,"unexp",0,30
"4_039_5B",2,"S5","slow",1,5,"C2",1,"slow",1,8
"4_039_5C",2,"S5","slow",1,5,"C2",1,"slow",1,8
"4_039_5D",2,"S5","slow",1,5,"C2",1,"slow",1,6
"4_039_6A",2,"S5","slow",1,5,"C2",1,"slow",1,6
"4_039_6B",2,"S5","slow",1,NA,NA,NA,"uninf",0,30
"4_039_6C",2,"S5","slow",1,5,"C2",1,"slow",1,6
"4_039_6D",2,"S5","slow",1,5,"C2",1,"slow",1,6
"4_040_1A",2,"F6","fast",1,NA,NA,NA,"uninf",0,30
"4_040_1B",2,"F6","fast",1,2,"C2",1,"fast",1,6
"4_040_1C",2,"F6","fast",1,NA,NA,NA,"uninf",0,30
"4_040_1D",2,"F6","fast",1,NA,NA,NA,"uninf",1,30
"4_040_2A",2,"F6","fast",1,2,"C2",0,"uninf",1,6
"4_040_2B",2,"F6","fast",1,2,"C1",0,"uninf",1,6
"4_040_2C",2,"F6","fast",1,2,"C2",0,"uninf",1,15
"4_040_2D",2,"","",0,2,"C2",0,"unexp",1,6
"4_040_3A",2,"F6","fast",1,2,"C2",1,"fast",1,8
"4_040_3B",2,"F6","fast",1,2,"C2",0,"uninf",1,6
"4_040_3C",2,"F6","fast",1,2,"C2",1,"fast",0,30
"4_040_3D",2,"F6","fast",1,2,"C2",0,"uninf",1,6
"4_040_4A",2,"F6","fast",1,2,"C2",1,"fast",1,8
"4_040_4B",2,"F6","fast",1,2,"C2",1,"fast",1,6
"4_040_4C",2,"F6","fast",1,NA,NA,NA,"uninf",0,30
"4_040_4D",2,"F6","fast",1,NA,NA,NA,"uninf",0,30
"4_040_5A",2,"F6","fast",1,2,"C1",1,"fast",1,6
"4_040_5B",2,"","",0,NA,NA,NA,"unexp",0,30
"4_040_5C",2,"F6","fast",1,2,"C2",1,"fast",0,30
"4_040_5D",2,"F6","fast",1,2,"C3",1,"fast",0,30
"4_040_6A",2,"F6","fast",1,2,"C2",1,"fast",1,6
"4_040_6B",2,"F6","fast",1,2,"C2",1,"fast",1,6
"4_040_6C",2,"F6","fast",1,2,"C2",1,"fast",1,6
"4_040_6D",2,"F6","fast",1,2,"C2",1,"fast",0,30
"4_041_1A",2,"F12","fast",1,2,"C1",0,"uninf",1,8
"4_041_1B",2,"F12","fast",1,2,"C2",0,"uninf",0,30
"4_041_1C",2,"F12","fast",1,2,"C2",1,"fast",1,8
"4_041_1D",2,"F12","fast",1,2,"C1",1,"fast",1,6
"4_041_2A",2,"F12","fast",1,2,"C3",0,"uninf",0,30
"4_041_2B",2,"F12","fast",1,2,"C2",1,"fast",1,10
"4_041_2C",2,"","",0,2,"C2",0,"unexp",1,6
"4_041_2D",2,"F12","fast",1,2,"C2",1,"fast",1,6
"4_041_3A",2,"F12","fast",1,2,"C1",1,"fast",1,6
"4_041_3B",2,"","",0,2,"C1",0,"unexp",1,6
"4_041_3C",2,"F12","fast",1,2,"C3",1,"fast",1,6
"4_041_3D",2,"F12","fast",1,2,"C2",0,"uninf",1,8
"4_041_4A",2,"F12","fast",1,2,"C2",1,"fast",0,30
"4_041_4B",2,"F12","fast",1,2,"C2",1,"fast",0,30
"4_041_4C",2,"","",0,2,"C2",0,"unexp",1,6
"4_041_4D",2,"F12","fast",1,2,"C2",0,"uninf",1,6
"4_041_5A",2,"","",0,2,"C2",0,"unexp",0,30
"4_041_5B",2,"F12","fast",1,2,"C2",1,"fast",0,30
"4_041_5C",2,"F12","fast",1,2,"C2",1,"fast",1,6
"4_041_5D",2,"F12","fast",1,2,"C2",1,"fast",1,8
"4_041_6A",2,"F12","fast",1,2,"C2",1,"fast",1,6
"4_041_6B",2,"F12","fast",1,2,"C2",0,"uninf",1,24
"4_041_6C",2,"F12","fast",1,2,"C2",1,"fast",1,6
"4_041_6D",2,"F12","fast",1,2,"C2",1,"fast",1,6
"4_042_1A",2,"F8","fast",1,5,"C1",1,"fast",1,6
"4_042_1B",2,"F8","fast",1,5,"C2",1,"fast",1,6
"4_042_1C",2,"F8","fast",1,5,"C2",0,"uninf",0,30
"4_042_1D",2,"F5","fast",1,5,"C2",1,"fast",1,13
"4_042_2A",2,"F8","fast",1,NA,NA,NA,"uninf",0,30
"4_042_2B",2,"","",0,5,"C2",0,"unexp",1,8
"4_042_2C",2,"F5","fast",1,5,"C2",0,"uninf",1,15
"4_042_2D",2,"F5","fast",1,5,"C2",0,"uninf",0,30
"4_042_3A",2,"F8","fast",1,NA,NA,NA,"uninf",0,30
"4_042_3B",2,"F8","fast",1,5,"C2",1,"fast",1,8
"4_042_3C",2,"F5","fast",1,NA,NA,NA,"uninf",0,30
"4_042_3D",2,"F5","fast",1,NA,NA,NA,"uninf",0,30
"4_042_4A",2,"F5","fast",1,NA,NA,NA,"uninf",0,30
"4_042_4B",2,"F5","fast",1,NA,NA,NA,"uninf",0,30
"4_042_4C",2,"F5","fast",1,NA,NA,NA,"uninf",0,30
"4_042_4D",2,"F5","fast",1,NA,NA,NA,"uninf",0,30
"4_042_5A",2,"F5","fast",1,5,"C2",0,"uninf",1,6
"4_042_5B",2,"F5","fast",1,5,"C2",1,"fast",1,6
"4_042_5C",2,"F5","fast",1,5,"C2",0,"uninf",0,30
"4_042_5D",2,"","",0,5,"C2",0,"unexp",0,30
"4_042_6A",2,"F5","fast",1,5,"C2",1,"fast",1,6
"4_042_6B",2,"F5","fast",1,5,"C2",1,"fast",1,6
"4_042_6C",2,"F5","fast",1,5,"C2",0,"uninf",0,30
"4_042_6D",2,"F5","fast",1,5,"C2",0,"uninf",1,10
"4_043_1A",2,"S10","slow",1,5,"C2",0,"uninf",1,6
"4_043_1B",2,"S10","slow",1,5,"C2",1,"slow",0,30
"4_043_1C",2,"S10","slow",1,5,"C2",1,"slow",1,6
"4_043_1D",2,"S10","slow",1,5,"C1",1,"slow",1,6
"4_043_2A",2,"","",0,NA,NA,NA,"unexp",0,30
"4_043_2B",2,"S10","slow",1,NA,NA,NA,"uninf",0,30
"4_043_2C",2,"S10","slow",1,NA,NA,NA,"uninf",0,30
"4_043_2D",2,"S10","slow",1,5,"C2",1,"slow",1,6
"4_043_3A",2,"S10","slow",1,5,"C2",0,"uninf",1,6
"4_043_3B",2,"S10","slow",1,5,"C2",0,"uninf",0,30
"4_043_3C",2,"","",0,NA,NA,NA,"unexp",0,30
"4_043_3D",2,"S10","slow",1,NA,NA,NA,"uninf",0,30
"4_043_4A",2,"S10","slow",1,5,"C2",0,"uninf",1,29
"4_043_4B",2,"","",0,5,"C2",0,"unexp",0,30
"4_043_4C",2,"S10","slow",1,5,"C2",1,"slow",1,8
"4_043_4D",2,"S10","slow",1,NA,NA,NA,"uninf",0,30
"4_043_5A",2,"S10","slow",1,5,"C2",0,"uninf",0,30
"4_043_5B",2,"S10","slow",1,5,"C2",0,"uninf",1,6
"4_043_5C",2,"","",0,5,"C2",0,"unexp",1,6
"4_043_5D",2,"S10","slow",1,NA,NA,NA,"uninf",0,30
"4_043_6A",2,"S10","slow",1,5,"C2",1,"slow",0,30
"4_043_6B",2,"S10","slow",1,5,"C2",1,"slow",1,10
"4_043_6C",2,"S10","slow",1,5,"C2",1,"slow",1,6
"4_043_6D",2,"S10","slow",1,5,"C2",0,"uninf",1,6
"4_044_1A",2,"F10","fast",1,5,"C2",1,"fast",1,6
"4_044_1B",2,"F10","fast",1,NA,NA,NA,"uninf",0,30
"4_044_1C",2,"F10","fast",1,5,"C2",1,"fast",1,29
"4_044_1D",2,"","",0,5,"C2",0,"unexp",0,30
"4_044_2A",2,"F10","fast",1,NA,NA,NA,"uninf",0,30
"4_044_2B",2,"F10","fast",1,5,"C2",0,"uninf",1,8
"4_044_2C",2,"F10","fast",1,5,"C3",0,"uninf",0,30
"4_044_2D",2,"F10","fast",1,5,"C2",1,"fast",0,30
"4_044_3A",2,"F10","fast",1,NA,NA,NA,"uninf",0,30
"4_044_3B",2,"","",0,5,"C2",0,"unexp",1,8
"4_044_3C",2,"F10","fast",1,5,"C2",1,"fast",0,30
"4_044_3D",2,"F10","fast",1,5,"C2",1,"fast",0,30
"4_044_4A",2,"F10","fast",1,5,"C2",1,"fast",1,6
"4_044_4B",2,"","",0,5,"C2",0,"unexp",1,6
"4_044_4C",2,"F10","fast",1,5,"C3",0,"uninf",0,30
"4_044_4D",2,"F10","fast",1,5,"C3",1,"fast",0,30
"4_044_5A",2,"F10","fast",1,5,"C2",1,"fast",1,8
"4_044_5B",2,"F10","fast",1,5,"C2",1,"fast",1,8
"4_044_5C",2,"F10","fast",1,5,"C2",1,"fast",1,30
"4_044_5D",2,"F10","fast",1,5,"C2",1,"fast",1,29
"4_044_6A",2,"F10","fast",1,5,"C2",0,"uninf",1,6
"4_044_6B",2,"F10","fast",1,5,"C2",1,"fast",1,8
"4_044_6C",2,"F10","fast",1,5,"C3",0,"uninf",0,30
"4_044_6D",2,"","",0,5,"C3",0,"unexp",0,30
"4_045_1A",2,"C6","control",1,NA,NA,NA,"uninf",0,30
"4_045_1B",2,"C6","control",1,5,"C2",1,"control",0,30
"4_045_1C",2,"","",0,5,"C2",0,"unexp",1,8
"4_045_1D",2,"C6","control",1,5,"C2",1,"control",1,6
"4_045_2A",2,"C6","control",1,5,"C2",1,"control",1,22
"4_045_2B",2,"C6","control",1,5,"C2",1,"control",0,30
"4_045_2C",2,"C6","control",1,5,"C3",0,"uninf",1,8
"4_045_2D",2,"C6","control",1,5,"C2",0,"uninf",1,6
"4_045_3A",2,"","",0,5,"C2",0,"unexp",0,30
"4_045_3B",2,"C6","control",1,5,"C2",1,"control",0,30
"4_045_3C",2,"C6","control",1,5,"C2",0,"uninf",1,6
"4_045_3D",2,"C6","control",1,5,"C2",0,"uninf",1,8
"4_045_4A",2,"C6","control",1,5,"C2",1,"control",0,30
"4_045_4B",2,"C6","control",1,5,"C2",1,"control",1,17
"4_045_4C",2,"C6","control",1,5,"C2",0,"uninf",1,8
"4_045_4D",2,"","",0,5,"C3",0,"unexp",1,8
"4_045_5A",2,"C6","control",1,5,"C3",0,"uninf",1,17
"4_045_5B",2,"C6","control",1,5,"C2",1,"control",0,30
"4_045_5C",2,"C6","control",1,5,"C2",1,"control",1,6
"4_045_5D",2,"C6","control",1,5,"C2",1,"control",1,6
"4_045_6A",2,"C6","control",1,5,"C2",0,"uninf",0,30
"4_045_6B",2,"","",0,5,"C2",0,"unexp",0,30
"4_045_6C",2,"C6","control",1,5,"C2",0,"uninf",1,8
"4_045_6D",2,"C6","control",1,5,"C2",0,"uninf",1,6
"4_046_1A",2,"F3","fast",1,2,"C2",1,"fast",1,6
"4_046_1B",2,"F3","fast",1,2,"C1",1,"fast",1,8
"4_046_1C",2,"F3","fast",1,2,"C2",0,"uninf",0,30
"4_046_1D",2,"F3","fast",1,NA,NA,NA,"uninf",0,30
"4_046_2A",2,"F3","fast",1,2,"C2",1,"fast",1,6
"4_046_2B",2,"F3","fast",1,2,"C2",1,"fast",1,6
"4_046_2C",2,"F3","fast",1,2,"C2",0,"uninf",0,30
"4_046_2D",2,"F3","fast",1,2,"C2",0,"uninf",0,30
"4_046_3A",2,"F3","fast",1,2,"C2",0,"uninf",1,6
"4_046_3B",2,"F3","fast",1,2,"C2",0,"uninf",1,8
"4_046_3C",2,"F3","fast",1,2,"C2",1,"fast",1,10
"4_046_3D",2,"","",0,2,"C1",0,"unexp",1,8
"4_046_4A",2,"","",0,2,"C2",0,"unexp",1,8
"4_046_4B",2,"F12","fast",1,2,"C2",0,"uninf",1,8
"4_046_4C",2,"F11","fast",1,2,"C2",1,"fast",0,30
"4_046_4D",2,"F12","fast",1,2,"C1",1,"fast",0,30
"4_046_5A",2,"F11","fast",1,2,"C1",1,"fast",1,6
"4_046_5B",2,"F12","fast",1,2,"C2",1,"fast",1,8
"4_046_5C",2,"F11","fast",1,NA,NA,NA,"uninf",0,30
"4_046_5D",2,"F12","fast",1,2,"C2",1,"fast",0,30
"4_046_6A",2,"F11","fast",1,2,"C2",1,"fast",1,8
"4_046_6B",2,"F12","fast",1,2,"C3",1,"fast",1,6
"4_046_6C",2,"F11","fast",1,2,"C2",1,"fast",0,30
"4_046_6D",2,"F12","fast",1,2,"C3",1,"fast",0,30
"4_047_1A",2,"S4","slow",1,2,"C2",1,"slow",0,30
"4_047_1B",2,"S4","slow",1,NA,NA,NA,"uninf",0,30
"4_047_1C",2,"S4","slow",1,2,"C2",1,"slow",1,6
"4_047_1D",2,"S4","slow",1,2,"C2",1,"slow",1,8
"4_047_2A",2,"S4","slow",1,2,"C2",1,"slow",0,30
"4_047_2B",2,"S4","slow",1,2,"C2",0,"uninf",0,30
"4_047_2C",2,"S4","slow",1,2,"C2",1,"slow",1,6
"4_047_2D",2,"S4","slow",1,2,"C1",1,"slow",1,6
"4_047_3A",2,"","",0,2,"C2",0,"unexp",1,6
"4_047_3B",2,"S4","slow",1,2,"C3",0,"uninf",1,29
"4_047_3C",2,"S4","slow",1,2,"C2",0,"uninf",1,6
"4_047_3D",2,"S4","slow",1,2,"C2",0,"uninf",1,8
"4_047_4A",2,"S4","slow",1,2,"C2",0,"uninf",0,30
"4_047_4B",2,"S4","slow",1,2,"C2",1,"slow",0,30
"4_047_4C",2,"","",0,NA,NA,NA,"unexp",0,30
"4_047_4D",2,"S4","slow",1,2,"C2",0,"uninf",1,6
"4_047_5A",2,"S4","slow",1,2,"C2",1,"slow",1,29
"4_047_5B",2,"S4","slow",1,2,"C2",1,"slow",0,30
"4_047_5C",2,"S4","slow",1,2,"C1",0,"uninf",1,8
"4_047_5D",2,"S4","slow",1,2,"C2",0,"uninf",1,6
"4_047_6A",2,"S4","slow",1,2,"C3",1,"slow",0,30
"4_047_6B",2,"S4","slow",1,2,"C3",0,"uninf",0,30
"4_047_6C",2,"S4","slow",1,2,"C2",0,"uninf",1,8
"4_047_6D",2,"S4","slow",1,2,"C2",1,"slow",1,6
"4_048_1A",2,"S3","slow",1,NA,NA,NA,"uninf",0,30
"4_048_1B",2,"S3","slow",1,2,"C2",1,"slow",1,6
"4_048_1C",2,"S3","slow",1,2,"C2",0,"uninf",0,30
"4_048_1D",2,"S3","slow",1,2,"C2",1,"slow",0,30
"4_048_2A",2,"S3","slow",1,2,"C3",0,"uninf",1,8
"4_048_2B",2,"S3","slow",1,2,"C2",0,"uninf",1,6
"4_048_2C",2,"S3","slow",1,2,"C2",1,"slow",0,30
"4_048_2D",2,"S3","slow",1,2,"C2",1,"slow",1,17
"4_048_3A",2,"S3","slow",1,NA,NA,NA,"uninf",0,30
"4_048_3B",2,"","",0,NA,NA,NA,"unexp",0,30
"4_048_3C",2,"S3","slow",1,2,"C2",1,"slow",1,30
"4_048_3D",2,"S3","slow",1,2,"C2",0,"uninf",0,30
"4_048_4A",2,"S3","slow",1,2,"C2",1,"slow",1,6
"4_048_4B",2,"S3","slow",1,2,"C2",0,"uninf",1,8
"4_048_4C",2,"S3","slow",1,2,"C2",1,"slow",1,22
"4_048_4D",2,"","",0,2,"C2",0,"unexp",0,30
"4_048_5A",2,"S3","slow",1,2,"C2",1,"slow",1,6
"4_048_5B",2,"S3","slow",1,2,"C2",0,"uninf",1,8
"4_048_5C",2,"S3","slow",1,2,"C2",0,"uninf",0,30
"4_048_5D",2,"S3","slow",1,2,"C2",0,"uninf",1,27
"4_048_6A",2,"S3","slow",1,NA,NA,NA,"uninf",0,30
"4_048_6B",2,"S3","slow",1,2,"C2",1,"slow",1,6
"4_048_6C",2,"S3","slow",1,2,"C2",0,"uninf",0,30
"4_048_6D",2,"S3","slow",1,2,"C3",0,"uninf",0,30
"4_049_1A",2,"S7","slow",1,2,"C2",0,"uninf",0,30
"4_049_1B",2,"S7","slow",1,2,"C2",1,"slow",0,30
"4_049_1C",2,"S7","slow",1,2,"C2",1,"slow",1,8
"4_049_1D",2,"S7","slow",1,2,"C2",1,"slow",1,6
"4_049_2A",2,"S7","slow",1,2,"C1",1,"slow",0,30
"4_049_2B",2,"S7","slow",1,2,"C2",1,"slow",1,10
"4_049_2C",2,"S7","slow",1,2,"C2",1,"slow",1,8
"4_049_2D",2,"S7","slow",1,2,"C2",0,"uninf",1,8
"4_049_3A",2,"S7","slow",1,2,"C2",1,"slow",0,30
"4_049_3B",2,"S7","slow",1,2,"C2",1,"slow",1,8
"4_049_3C",2,"","",0,2,"C3",0,"unexp",1,8
"4_049_3D",2,"S7","slow",1,2,"C2",0,"uninf",1,6
"4_049_4A",2,"","",0,2,"C3",0,"unexp",0,30
"4_049_4B",2,"S7","slow",1,2,"C2",1,"slow",0,30
"4_049_4C",2,"S7","slow",1,2,"C1",1,"slow",1,6
"4_049_4D",2,"S7","slow",1,2,"C2",1,"slow",1,6
"4_049_5A",2,"S7","slow",1,2,"C2",1,"slow",0,30
"4_049_5B",2,"S7","slow",1,2,"C2",1,"slow",0,30
"4_049_5C",2,"S7","slow",1,2,"C2",1,"slow",1,6
"4_049_5D",2,"S7","slow",1,2,"C2",1,"slow",1,6
"4_049_6A",2,"S7","slow",1,2,"C2",1,"slow",0,30
"4_049_6B",2,"S7","slow",1,2,"C1",1,"slow",1,8
"4_049_6C",2,"S7","slow",1,2,"C2",1,"slow",1,8
"4_049_6D",2,"S7","slow",1,2,"C3",0,"uninf",1,8
"4_050_1A",2,"S2","slow",1,5,"C2",0,"uninf",1,6
"4_050_1B",2,"S2","slow",1,NA,NA,NA,"slow",0,30
"4_050_1C",2,"","",0,5,"C2",0,"unexp",0,30
"4_050_1D",2,"S2","slow",1,5,"C2",1,"slow",0,30
"4_050_2A",2,"S2","slow",1,NA,NA,NA,"slow",0,30
"4_050_2B",2,"S2","slow",1,NA,NA,NA,"slow",0,30
"4_050_2C",2,"S2","slow",1,5,"C2",0,"uninf",0,30
"4_050_2D",2,"S2","slow",1,5,"C2",1,"slow",0,30
"4_050_3A",2,"S2","slow",1,5,"C2",1,"slow",1,8
"4_050_3B",2,"S2","slow",1,NA,NA,NA,"slow",0,30
"4_050_3C",2,"S2","slow",1,5,"C2",0,"uninf",0,30
"4_050_3D",2,"S2","slow",1,5,"C2",1,"slow",1,29
"4_050_4A",2,"S2","slow",1,5,"C2",1,"slow",1,8
"4_050_4B",2,"S2","slow",1,5,"C2",0,"uninf",1,6
"4_050_4C",2,"S2","slow",1,5,"C2",1,"slow",0,30
"4_050_4D",2,"S2","slow",1,5,"C2",1,"slow",1,20
"4_050_5A",2,"S2","slow",1,5,"C2",1,"slow",1,6
"4_050_5B",2,"S2","slow",1,5,"C2",1,"slow",1,6
"4_050_5C",2,"S2","slow",1,NA,NA,NA,"slow",0,30
"4_050_5D",2,"S2","slow",1,NA,NA,NA,"slow",0,30
"4_050_6A",2,"","",0,5,"C2",0,"unexp",1,6
"4_050_6B",2,"S2","slow",1,5,"C2",1,"slow",1,6
"4_050_6C",2,"S2","slow",1,NA,NA,NA,"slow",0,30
"4_050_6D",2,"S2","slow",1,NA,NA,NA,"slow",0,30
"4_051_1A",2,"F5","fast",1,5,"C3",1,"fast",1,20
"4_051_1B",2,"F5","fast",1,5,"C3",1,"fast",0,30
"4_051_1C",2,"F5","fast",1,NA,NA,NA,"uninf",0,30
"4_051_1D",2,"","",0,NA,NA,NA,"unexp",0,30
"4_051_2A",2,"F5","fast",1,2,"C2",1,"fast",0,30
"4_051_2B",2,"F5","fast",1,2,"C2",1,"fast",0,30
"4_051_2C",2,"F5","fast",1,2,"C2",1,"fast",1,6
"4_051_2D",2,"F5","fast",1,2,"C2",0,"uninf",1,6
"4_051_3A",2,"F5","fast",1,2,"C2",0,"uninf",0,30
"4_051_3B",2,"F5","fast",1,2,"C2",0,"uninf",1,13
"4_051_3C",2,"F5","fast",1,2,"C2",0,"uninf",1,6
"4_051_3D",2,"F5","fast",1,2,"C2",1,"fast",1,6
"4_051_4A",2,"F5","fast",1,2,"C2",1,"fast",1,29
"4_051_4B",2,"F5","fast",1,2,"C2",0,"uninf",0,30
"4_051_4C",2,"F5","fast",1,2,"C3",0,"uninf",1,8
"4_051_4D",2,"F5","fast",1,2,"C3",0,"uninf",1,6
"4_051_5A",2,"F5","fast",1,2,"C2",0,"uninf",1,6
"4_051_5B",2,"F5","fast",1,2,"C2",1,"fast",1,8
"4_051_5C",2,"F5","fast",1,2,"C3",0,"uninf",1,6
"4_051_5D",2,"F5","fast",1,2,"C3",0,"uninf",1,8
"4_051_6A",2,"F5","fast",1,2,"C2",1,"fast",1,29
"4_051_6B",2,"","",0,2,"C3",0,"unexp",0,30
"4_051_6C",2,"F5","fast",1,NA,NA,NA,"uninf",0,30
"4_051_6D",2,"F5","fast",1,NA,NA,NA,"uninf",0,30
"4_052_1A",2,"C12","control",1,5,"C2",0,"uninf",1,6
"4_052_1B",2,"C12","control",1,NA,NA,NA,"uninf",0,30
"4_052_1C",2,"C12","control",1,NA,NA,NA,"uninf",0,30
"4_052_1D",2,"","",0,NA,NA,NA,"unexp",0,30
"4_052_2A",2,"C12","control",1,5,"C2",1,"control",1,6
"4_052_2B",2,"C12","control",1,NA,NA,NA,"uninf",0,30
"4_052_2C",2,"C12","control",1,5,"C2",0,"uninf",0,30
"4_052_2D",2,"C12","control",1,5,"C2",0,"uninf",0,30
"4_052_3A",2,"C12","control",1,5,"C2",1,"control",1,6
"4_052_3B",2,"C12","control",1,NA,NA,NA,"uninf",0,30
"4_052_3C",2,"C12","control",1,5,"C2",0,"uninf",0,30
"4_052_3D",2,"C12","control",1,5,"C2",1,"control",0,30
"4_052_4A",2,"C12","control",1,5,"C2",1,"control",1,8
"4_052_4B",2,"C12","control",1,5,"C2",0,"uninf",1,6
"4_052_4C",2,"C12","control",1,5,"C2",1,"control",0,30
"4_052_4D",2,"C12","control",1,5,"C2",0,"uninf",0,30
"4_052_5A",2,"C12","control",1,NA,NA,NA,"uninf",0,30
"4_052_5B",2,"C12","control",1,NA,NA,NA,"uninf",0,30
"4_052_5C",2,"C12","control",1,5,"C1",0,"uninf",0,30
"4_052_5D",2,"C12","control",1,5,"C2",0,"uninf",0,30
"4_052_6A",2,"","",0,5,"C2",0,"unexp",1,6
"4_052_6B",2,"C12","control",1,5,"C2",0,"uninf",1,6
"4_052_6C",2,"C12","control",1,5,"C2",0,"uninf",0,30
"4_052_6D",2,"C12","control",1,NA,NA,NA,"uninf",0,30
"4_053_1A",2,"F9","fast",1,NA,NA,NA,"uninf",0,30
"4_053_1B",2,"F9","fast",1,NA,NA,NA,"uninf",0,30
"4_053_1C",2,"","",0,NA,NA,NA,"unexp",0,30
"4_053_1D",2,"F9","fast",1,NA,NA,NA,"uninf",0,30
"4_053_2A",2,"F9","fast",1,5,"C2",0,"uninf",0,30
"4_053_2B",2,"F9","fast",1,5,"C2",0,"uninf",0,30
"4_053_2C",2,"F9","fast",1,NA,NA,NA,"uninf",0,30
"4_053_2D",2,"F9","fast",1,5,"C2",0,"uninf",1,8
"4_053_3A",2,"F9","fast",1,NA,NA,NA,"uninf",0,30
"4_053_3B",2,"F9","fast",1,5,"C2",0,"uninf",1,13
"4_053_3C",2,"F9","fast",1,NA,NA,NA,"uninf",0,30
"4_053_3D",2,"F9","fast",1,5,"C2",1,"fast",1,6
"4_053_4A",2,"F9","fast",1,5,"C2",1,"fast",1,6
"4_053_4B",2,"F9","fast",1,NA,NA,NA,"uninf",0,30
"4_053_4C",2,"F9","fast",1,5,"C2",1,"fast",1,8
"4_053_4D",2,"F9","fast",1,NA,NA,NA,"uninf",0,30
"4_053_5A",2,"F9","fast",1,5,"C2",0,"uninf",0,30
"4_053_5B",2,"F9","fast",1,5,"C2",1,"fast",1,24
"4_053_5C",2,"F9","fast",1,5,"C2",1,"fast",1,6
"4_053_5D",2,"F9","fast",1,NA,NA,NA,"uninf",0,30
"4_053_6A",2,"F9","fast",1,5,"C2",0,"uninf",0,30
"4_053_6B",2,"","",0,5,"C2",0,"unexp",0,30
"4_053_6C",2,"F9","fast",1,5,"C2",1,"fast",1,8
"4_053_6D",2,"F9","fast",1,NA,NA,NA,"uninf",0,30
"4_054_1A",2,"C9","control",1,NA,NA,NA,"uninf",0,30
"4_054_1B",2,"","",0,NA,NA,NA,"unexp",0,30
"4_054_1C",2,"C9","control",1,5,"C2",1,"control",0,30
"4_054_1D",2,"C9","control",1,5,"C2",0,"uninf",1,10
"4_054_2A",2,"C9","control",1,5,"C2",1,"control",1,6
"4_054_2B",2,"C9","control",1,NA,NA,NA,"uninf",0,30
"4_054_2C",2,"C9","control",1,5,"C2",1,"control",0,30
"4_054_2D",2,"C9","control",1,5,"C2",1,"control",0,30
"4_054_3A",2,"C9","control",1,NA,NA,NA,"uninf",0,30
"4_054_3B",2,"C9","control",1,NA,NA,NA,"uninf",0,30
"4_054_3C",2,"C9","control",1,NA,NA,NA,"uninf",0,30
"4_054_3D",2,"C9","control",1,5,"C2",1,"control",0,30
"4_054_4A",2,"C9","control",1,NA,NA,NA,"uninf",0,30
"4_054_4B",2,"C9","control",1,NA,NA,NA,"uninf",0,30
"4_054_4C",2,"C9","control",1,5,"C2",1,"control",0,30
"4_054_4D",2,"C9","control",1,5,"C2",1,"control",0,30
"4_054_5A",2,"C9","control",1,5,"C2",0,"uninf",1,6
"4_054_5B",2,"C9","control",1,NA,NA,NA,"uninf",0,30
"4_054_5C",2,"C9","control",1,5,"C2",0,"uninf",0,30
"4_054_5D",2,"C9","control",1,NA,NA,NA,"uninf",0,30
"4_054_6A",2,"C9","control",1,5,"C2",1,"control",1,6
"4_054_6B",2,"C9","control",1,NA,NA,NA,"uninf",0,30
"4_054_6C",2,"","",0,NA,NA,NA,"unexp",0,30
"4_054_6D",2,"C9","control",1,5,"C2",1,"control",0,30
"4_055_1A",2,"C8","control",1,2,"C2",0,"uninf",1,6
"4_055_1B",2,"C8","control",1,2,"C2",0,"uninf",1,29
"4_055_1C",2,"C8","control",1,2,"C2",0,"uninf",1,6
"4_055_1D",2,"C8","control",1,2,"C2",1,"control",1,6
"4_055_2A",2,"C8","control",1,2,"C2",0,"uninf",1,6
"4_055_2B",2,"C8","control",1,NA,NA,NA,"uninf",0,30
"4_055_2C",2,"C8","control",1,2,"C2",0,"uninf",1,6
"4_055_2D",2,"C8","control",1,2,"C2",1,"control",1,6
"4_055_3A",2,"C8","control",1,2,"C2",0,"uninf",0,30
"4_055_3B",2,"C8","control",1,NA,NA,NA,"uninf",0,30
"4_055_3C",2,"","",0,2,"C2",0,"unexp",1,6
"4_055_3D",2,"C8","control",1,2,"C2",1,"control",1,6
"4_055_4A",2,"C8","control",1,2,"C2",0,"uninf",1,6
"4_055_4B",2,"","",0,2,"C2",1,"unexp",0,30
"4_055_4C",2,"C8","control",1,2,"C2",1,"control",1,6
"4_055_4D",2,"C8","control",1,2,"C2",0,"uninf",1,6
"4_055_5A",2,"C8","control",1,2,"C2",1,"control",1,6
"4_055_5B",2,"C8","control",1,2,"C2",0,"uninf",1,10
"4_055_5C",2,"C8","control",1,2,"C2",1,"control",1,6
"4_055_5D",2,"C8","control",1,2,"C2",1,"control",1,6
"4_055_6A",2,"C8","control",1,2,"C2",0,"uninf",1,6
"4_055_6B",2,"C8","control",1,2,"C2",1,"control",1,8
"4_055_6C",2,"C8","control",1,2,"C1",1,"control",1,6
"4_055_6D",2,"C8","control",1,2,"C2",0,"uninf",1,6
"4_056_1A",2,"S11","slow",1,5,"C2",1,"slow",1,6
"4_056_1B",2,"S11","slow",1,NA,NA,NA,"uninf",0,30
"4_056_1C",2,"S11","slow",1,NA,NA,NA,"uninf",0,30
"4_056_1D",2,"","",0,5,"C2",0,"unexp",0,30
"4_056_2A",2,"S11","slow",1,NA,NA,NA,"uninf",0,30
"4_056_2B",2,"S11","slow",1,5,"C2",0,"uninf",1,6
"4_056_2C",2,"S11","slow",1,NA,NA,NA,"uninf",0,30
"4_056_2D",2,"S11","slow",1,5,"C2",0,"uninf",1,15
"4_056_3A",2,"S11","slow",1,5,"C2",1,"slow",1,6
"4_056_3B",2,"S11","slow",1,NA,NA,NA,"uninf",0,30
"4_056_3C",2,"S11","slow",1,NA,NA,NA,"uninf",0,30
"4_056_3D",2,"S11","slow",1,5,"C2",0,"uninf",0,30
"4_056_4A",2,"S11","slow",1,5,"C2",0,"uninf",1,6
"4_056_4B",2,"S11","slow",1,5,"C2",1,"slow",1,6
"4_056_4C",2,"S11","slow",1,5,"C2",0,"uninf",0,30
"4_056_4D",2,"S11","slow",1,5,"C2",0,"uninf",0,30
"4_056_5A",2,"S11","slow",1,NA,NA,NA,"uninf",0,30
"4_056_5B",2,"S11","slow",1,5,"C2",1,"slow",1,6
"4_056_5C",2,"S11","slow",1,5,"C2",1,"slow",0,30
"4_056_5D",2,"S11","slow",1,5,"C2",0,"uninf",0,30
"4_056_6A",2,"","",0,5,"C2",0,"unexp",1,6
"4_056_6B",2,"S11","slow",1,NA,NA,NA,"uninf",0,30
"4_056_6C",2,"S11","slow",1,5,"C2",0,"uninf",0,30
"4_056_6D",2,"S11","slow",1,NA,NA,NA,"uninf",0,30
"4_057_1A",2,"F6","fast",1,5,"C2",0,"uninf",0,30
"4_057_1B",2,"F6","fast",1,5,"C2",0,"uninf",1,20
"4_057_1C",2,"F6","fast",1,5,"C2",0,"uninf",1,8
"4_057_1D",2,"F6","fast",1,NA,NA,NA,"uninf",0,30
"4_057_2A",2,"F6","fast",1,5,"C2",0,"uninf",0,30
"4_057_2B",2,"F6","fast",1,5,"C2",1,"fast",0,30
"4_057_2C",2,"F6","fast",1,5,"C2",0,"uninf",1,8
"4_057_2D",2,"F6","fast",1,5,"C2",0,"uninf",1,6
"4_057_3A",2,"F6","fast",1,5,"C2",0,"uninf",0,30
"4_057_3B",2,"","",0,5,"C2",0,"unexp",0,30
"4_057_3C",2,"F6","fast",1,5,"C2",1,"fast",1,6
"4_057_3D",2,"F6","fast",1,5,"C2",1,"fast",1,6
"4_057_4A",2,"F6","fast",1,5,"C2",1,"fast",0,30
"4_057_4B",2,"F6","fast",1,5,"C2",1,"fast",1,8
"4_057_4C",2,"","",0,5,"C2",0,"unexp",1,6
"4_057_4D",2,"F6","fast",1,5,"C2",0,"uninf",1,8
"4_057_5A",2,"F6","fast",1,5,"C2",0,"uninf",1,30
"4_057_5B",2,"F6","fast",1,5,"C2",1,"fast",0,30
"4_057_5C",2,"F6","fast",1,NA,NA,NA,"uninf",0,30
"4_057_5D",2,"F6","fast",1,5,"C2",1,"fast",1,8
"4_057_6A",2,"F6","fast",1,5,"C2",0,"uninf",0,30
"4_057_6B",2,"F6","fast",1,5,"C2",0,"uninf",0,30
"4_057_6C",2,"F6","fast",1,5,"C2",1,"fast",1,8
"4_057_6D",2,"F6","fast",1,5,"C2",1,"fast",1,6
"4_058_1A",2,"S12","slow",1,NA,NA,NA,"uninf",0,30
"4_058_1B",2,"S12","slow",1,5,"C2",0,"uninf",1,8
"4_058_1C",2,"S12","slow",1,5,"C2",1,"slow",0,30
"4_058_1D",2,"S12","slow",1,5,"C2",1,"slow",0,30
"4_058_2A",2,"S12","slow",1,5,"C2",1,"slow",1,6
"4_058_2B",2,"S12","slow",1,5,"C2",0,"uninf",1,6
"4_058_2C",2,"S12","slow",1,5,"C2",0,"uninf",1,17
"4_058_2D",2,"S12","slow",1,5,"C2",1,"slow",1,30
"4_058_3A",2,"S12","slow",1,5,"C1",0,"uninf",1,8
"4_058_3B",2,"S12","slow",1,5,"C2",1,"slow",1,6
"4_058_3C",2,"S12","slow",1,5,"C2",1,"slow",1,27
"4_058_3D",2,"","",0,5,"C2",0,"unexp",0,30
"4_058_4A",2,"S12","slow",1,5,"C2",0,"uninf",1,8
"4_058_4B",2,"","",0,5,"C2",0,"unexp",1,8
"4_058_4C",2,"S12","slow",1,5,"C2",0,"uninf",1,30
"4_058_4D",2,"S12","slow",1,NA,NA,NA,"uninf",0,30
"4_058_5A",2,"S12","slow",1,5,"C2",1,"slow",1,8
"4_058_5B",2,"S12","slow",1,5,"C2",1,"slow",1,6
"4_058_5C",2,"S12","slow",1,5,"C2",0,"uninf",1,22
"4_058_5D",2,"S12","slow",1,NA,NA,NA,"uninf",0,30
"4_058_6A",2,"S12","slow",1,5,"C2",1,"slow",1,6
"4_058_6B",2,"S12","slow",1,5,"C2",1,"slow",1,6
"4_058_6C",2,"S12","slow",1,5,"C2",1,"slow",0,30
"4_058_6D",2,"S12","slow",1,NA,NA,NA,"uninf",0,30
"4_059_1A",2,"F4","fast",1,5,"C2",0,"uninf",1,30
"4_059_1B",2,"F4","fast",1,5,"C2",0,"uninf",1,10
"4_059_1C",2,"F4","fast",1,5,"C2",0,"uninf",1,6
"4_059_1D",2,"F4","fast",1,5,"C2",1,"fast",1,6
"4_059_2A",2,"F4","fast",1,NA,NA,NA,"uninf",0,30
"4_059_2B",2,"F4","fast",1,NA,NA,NA,"uninf",0,30
"4_059_2C",2,"F4","fast",1,NA,NA,NA,"uninf",0,30
"4_059_2D",2,"F4","fast",1,5,"C2",1,"fast",1,6
"4_059_3A",2,"F4","fast",1,5,"C2",1,"fast",0,30
"4_059_3B",2,"F4","fast",1,5,"C2",0,"uninf",0,30
"4_059_3C",2,"","",0,5,"C2",0,"unexp",1,6
"4_059_3D",2,"F4","fast",1,5,"C1",1,"fast",1,6
"4_059_4A",2,"F4","fast",1,5,"C2",1,"fast",0,30
"4_059_4B",2,"","",0,5,"C2",0,"unexp",0,30
"4_059_4C",2,"F4","fast",1,5,"C2",0,"uninf",1,6
"4_059_4D",2,"F4","fast",1,NA,NA,NA,"uninf",0,30
"4_059_5A",2,"F4","fast",1,5,"C2",1,"fast",0,30
"4_059_5B",2,"F4","fast",1,5,"C2",0,"uninf",1,8
"4_059_5C",2,"F4","fast",1,NA,NA,NA,"uninf",0,30
"4_059_5D",2,"F4","fast",1,NA,NA,NA,"uninf",0,30
"4_059_6A",2,"F4","fast",1,5,"C2",1,"fast",1,15
"4_059_6B",2,"F4","fast",1,5,"C2",1,"fast",1,27
"4_059_6C",2,"F4","fast",1,5,"C2",1,"fast",1,8
"4_059_6D",2,"F4","fast",1,NA,NA,NA,"uninf",0,30
"4_060_1A",2,"","",0,5,"C2",0,"unexp",1,6
"4_060_1B",2,"C11","control",1,5,"C2",1,"control",1,6
"4_060_1C",2,"C11","control",1,5,"C2",0,"uninf",0,30
"4_060_1D",2,"C11","control",1,5,"C2",1,"control",1,8
"4_060_2A",2,"C11","control",1,NA,NA,NA,"uninf",0,30
"4_060_2B",2,"C11","control",1,5,"C2",0,"uninf",1,8
"4_060_2C",2,"","",0,5,"C2",0,"unexp",0,30
"4_060_2D",2,"C11","control",1,NA,NA,NA,"uninf",0,30
"4_060_3A",2,"C11","control",1,5,"C2",1,"control",1,6
"4_060_3B",2,"C11","control",1,5,"C2",0,"uninf",1,8
"4_060_3C",2,"C11","control",1,5,"C2",0,"uninf",0,30
"4_060_3D",2,"C11","control",1,5,"C2",1,"control",0,30
"4_060_4A",2,"C11","control",1,5,"C2",0,"uninf",1,6
"4_060_4B",2,"C11","control",1,NA,NA,NA,"uninf",0,30
"4_060_4C",2,"C11","control",1,5,"C2",0,"uninf",0,30
"4_060_4D",2,"C11","control",1,5,"C2",0,"uninf",1,29
"4_060_5A",2,"C11","control",1,NA,NA,NA,"uninf",0,30
"4_060_5B",2,"C11","control",1,5,"C2",0,"uninf",1,6
"4_060_5C",2,"","",0,5,"C2",0,"unexp",0,30
"4_060_5D",2,"C11","control",1,5,"C2",0,"uninf",1,30
"4_060_6A",2,"","",0,NA,NA,NA,"unexp",0,30
"4_060_6B",2,"C11","control",1,NA,NA,NA,"uninf",0,30
"4_060_6C",2,"C11","control",1,5,"C2",0,"uninf",0,30
"4_060_6D",2,"C11","control",1,NA,NA,NA,"uninf",0,30
"4_061_1A",2,"S8","slow",1,NA,NA,NA,"uninf",0,30
"4_061_1B",2,"S8","slow",1,2,"C2",0,"uninf",1,6
"4_061_1C",2,"S8","slow",1,2,"C2",1,"slow",1,6
"4_061_1D",2,"","",0,NA,NA,NA,"unexp",0,30
"4_061_2A",2,"S8","slow",1,2,"C2",0,"uninf",1,29
"4_061_2B",2,"S8","slow",1,2,"C2",1,"slow",1,6
"4_061_2C",2,"S8","slow",1,2,"C2",1,"slow",1,6
"4_061_2D",2,"S8","slow",1,NA,NA,NA,"uninf",0,30
"4_061_3A",2,"S8","slow",1,2,"C2",1,"slow",1,8
"4_061_3B",2,"S8","slow",1,2,"C2",1,"slow",0,30
"4_061_3C",2,"S8","slow",1,2,"C2",1,"slow",1,6
"4_061_3D",2,"S8","slow",1,2,"C2",0,"uninf",1,6
"4_061_4A",2,"S8","slow",1,2,"C2",1,"slow",1,6
"4_061_4B",2,"S8","slow",1,NA,NA,NA,"uninf",0,30
"4_061_4C",2,"S8","slow",1,2,"C2",1,"slow",1,6
"4_061_4D",2,"S8","slow",1,2,"C2",0,"uninf",1,6
"4_061_5A",2,"S8","slow",1,NA,NA,NA,"uninf",0,30
"4_061_5B",2,"S8","slow",1,2,"C2",1,"slow",1,6
"4_061_5C",2,"S8","slow",1,2,"C2",0,"uninf",1,6
"4_061_5D",2,"S8","slow",1,2,"C2",1,"slow",1,6
"4_061_6A",2,"","",0,2,"C2",0,"unexp",0,30
"4_061_6B",2,"S8","slow",1,2,"C2",0,"uninf",1,8
"4_061_6C",2,"S8","slow",1,2,"C2",1,"slow",1,6
"4_061_6D",2,"S8","slow",1,2,"C2",0,"uninf",1,6
"4_062_1A",2,"F11","fast",1,2,"C2",1,"fast",1,8
"4_062_1B",2,"F11","fast",1,2,"C2",1,"fast",1,6
"4_062_1C",2,"F11","fast",1,2,"C2",0,"uninf",1,6
"4_062_1D",2,"F11","fast",1,2,"C2",1,"fast",0,30
"4_062_2A",2,"","",0,2,"C2",0,"unexp",1,6
"4_062_2B",2,"F11","fast",1,2,"C2",0,"uninf",1,8
"4_062_2C",2,"F11","fast",1,2,"C2",1,"fast",0,30
"4_062_2D",2,"F11","fast",1,2,"C2",1,"fast",1,29
"4_062_3A",2,"F11","fast",1,2,"C2",1,"fast",1,8
"4_062_3B",2,"F11","fast",1,2,"C2",1,"fast",1,8
"4_062_3C",2,"","",0,2,"C2",0,"unexp",0,30
"4_062_3D",2,"F11","fast",1,2,"C2",1,"fast",1,15
"4_062_4A",2,"","",0,2,"C2",0,"unexp",1,6
"4_062_4B",2,"F11","fast",1,2,"C2",0,"uninf",1,6
"4_062_4C",2,"F11","fast",1,2,"C2",1,"fast",0,30
"4_062_4D",2,"F11","fast",1,2,"C2",1,"fast",0,30
"4_062_5A",2,"F11","fast",1,2,"C2",0,"uninf",1,6
"4_062_5B",2,"F11","fast",1,2,"C2",1,"fast",1,6
"4_062_5C",2,"","",0,NA,NA,NA,"unexp",0,30
"4_062_5D",2,"F11","fast",1,2,"C2",1,"fast",1,6
"4_062_6A",2,"F11","fast",1,2,"C2",1,"fast",1,8
"4_062_6B",2,"F11","fast",1,2,"C2",1,"fast",1,8
"4_062_6C",2,"F11","fast",1,2,"C2",1,"fast",0,30
"4_062_6D",2,"F11","fast",1,2,"C2",1,"fast",1,22
"4_063_1A",2,"F7","fast",1,2,"C2",1,"fast",1,22
"4_063_1B",2,"F7","fast",1,2,"C2",0,"uninf",0,30
"4_063_1C",2,"F7","fast",1,NA,NA,NA,"uninf",0,30
"4_063_1D",2,"F7","fast",1,2,"C3",1,"fast",1,8
"4_063_2A",2,"F7","fast",1,NA,NA,NA,"uninf",0,30
"4_063_2B",2,"F7","fast",1,NA,NA,NA,"uninf",0,30
"4_063_2C",2,"","",0,2,"C2",0,"unexp",1,6
"4_063_2D",2,"F7","fast",1,NA,NA,NA,"uninf",0,30
"4_063_3A",2,"F7","fast",1,2,"C2",0,"uninf",0,30
"4_063_3B",2,"F7","fast",1,2,"C3",1,"fast",0,30
"4_063_3C",2,"F7","fast",1,2,"C2",0,"uninf",1,6
"4_063_3D",2,"F7","fast",1,2,"C2",0,"uninf",1,8
"4_063_4A",2,"F7","fast",1,2,"C2",0,"uninf",0,30
"4_063_4B",2,"F7","fast",1,NA,NA,NA,"uninf",0,30
"4_063_4C",2,"F7","fast",1,2,"C2",0,"uninf",1,6
"4_063_4D",2,"F7","fast",1,2,"C2",0,"uninf",1,8
"4_063_5A",2,"F7","fast",1,2,"C2",0,"uninf",1,29
"4_063_5B",2,"","",0,NA,NA,NA,"unexp",0,30
"4_063_5C",2,"F7","fast",1,2,"C2",0,"uninf",1,8
"4_063_5D",2,"F7","fast",1,2,"C2",0,"uninf",1,6
"4_063_6A",2,"F7","fast",1,2,"C2",1,"fast",1,15
"4_063_6B",2,"F7","fast",1,2,"C2",1,"fast",0,30
"4_063_6C",2,"F7","fast",1,NA,NA,NA,"uninf",0,30
"4_063_6D",2,"F7","fast",1,2,"C1",1,"fast",1,6
"4_064_1A",2,"C1","control",1,2,"C2",1,"control",1,6
"4_064_1B",2,"C1","control",1,2,"C2",0,"uninf",1,6
"4_064_1C",2,"C1","control",1,2,"C2",0,"uninf",0,30
"4_064_1D",2,"C1","control",1,2,"C2",0,"uninf",1,6
"4_064_2A",2,"","",0,NA,NA,NA,"unexp",1,6
"4_064_2B",2,"C1","control",1,2,"C2",0,"uninf",1,6
"4_064_2C",2,"C1","control",1,2,"C2",1,"control",1,15
"4_064_2D",2,"C1","control",1,2,"C2",1,"control",1,6
"4_064_3A",2,"C1","control",1,2,"C2",1,"control",1,6
"4_064_3B",2,"C1","control",1,2,"C3",1,"control",1,8
"4_064_3C",2,"","",0,2,"C2",0,"unexp",1,20
"4_064_3D",2,"C1","control",1,2,"C2",0,"uninf",0,30
"4_064_4A",2,"C1","control",1,2,"C2",1,"control",1,6
"4_064_4B",2,"","",0,2,"C3",0,"unexp",1,8
"4_064_4C",2,"C1","control",1,2,"C2",1,"control",0,30
"4_064_4D",2,"C1","control",1,NA,NA,NA,"uninf",0,30
"4_064_5A",2,"C1","control",1,2,"C2",0,"uninf",1,6
"4_064_5B",2,"C1","control",1,2,"C3",0,"uninf",1,6
"4_064_5C",2,"C1","control",1,2,"C2",0,"uninf",1,8
"4_064_5D",2,"","",0,2,"C2",0,"unexp",1,6
"4_064_6A",2,"C1","control",1,2,"C2",1,"control",1,6
"4_064_6B",2,"C1","control",1,2,"C2",0,"uninf",1,6
"4_064_6C",2,"C1","control",1,2,"C2",0,"uninf",0,30
"4_064_6D",2,"C1","control",1,2,"C2",1,"control",1,6
"4_065_1A",2,"C5","control",1,5,"C2",1,"control",0,30
"4_065_1B",2,"C5","control",1,5,"C2",0,"uninf",0,30
"4_065_1C",2,"C5","control",1,5,"C2",0,"uninf",1,6
"4_065_1D",2,"C5","control",1,NA,NA,NA,"uninf",0,30
"4_065_2A",2,"C5","control",1,5,"C2",0,"uninf",1,29
"4_065_2B",2,"C5","control",1,NA,NA,NA,"uninf",0,30
"4_065_2C",2,"C5","control",1,5,"C2",1,"control",1,6
"4_065_2D",2,"","",0,NA,NA,NA,"unexp",0,30
"4_065_3A",2,"C5","control",1,NA,NA,NA,"uninf",0,30
"4_065_3B",2,"C5","control",1,5,"C2",1,"control",1,29
"4_065_3C",2,"C5","control",1,NA,NA,NA,"uninf",0,30
"4_065_3D",2,"C5","control",1,NA,NA,NA,"uninf",0,30
"4_065_4A",2,"C5","control",1,5,"C2",0,"uninf",0,30
"4_065_4B",2,"C5","control",1,5,"C2",1,"control",1,8
"4_065_4C",2,"C5","control",1,5,"C2",0,"uninf",1,6
"4_065_4D",2,"C5","control",1,NA,NA,NA,"uninf",0,30
"4_065_5A",2,"","",0,5,"C2",0,"unexp",1,10
"4_065_5B",2,"C5","control",1,5,"C2",0,"uninf",0,30
"4_065_5C",2,"C5","control",1,5,"C2",1,"control",1,6
"4_065_5D",2,"C5","control",1,5,"C2",1,"control",1,6
"4_065_6A",2,"C5","control",1,5,"C2",0,"uninf",0,30
"4_065_6B",2,"C5","control",1,5,"C2",0,"uninf",0,30
"4_065_6C",2,"C5","control",1,NA,NA,NA,"uninf",0,30
"4_065_6D",2,"C5","control",1,5,"C2",0,"uninf",1,6
"4_066_1A",2,"F4","fast",1,2,"C2",1,"fast",1,6
"4_066_1B",2,"F4","fast",1,2,"C2",1,"fast",1,6
"4_066_1C",2,"F4","fast",1,2,"C2",0,"uninf",1,13
"4_066_1D",2,"F4","fast",1,2,"C2",0,"uninf",0,30
"4_066_2A",2,"F4","fast",1,2,"C2",1,"fast",1,8
"4_066_2B",2,"F4","fast",1,NA,NA,NA,"uninf",0,30
"4_066_2C",2,"","",0,2,"C1",0,"unexp",1,8
"4_066_2D",2,"F4","fast",1,2,"C2",0,"uninf",0,30
"4_066_3A",2,"F4","fast",1,2,"C2",0,"uninf",1,6
"4_066_3B",2,"F4","fast",1,2,"C2",1,"fast",1,6
"4_066_3C",2,"F4","fast",1,2,"C2",0,"uninf",0,30
"4_066_3D",2,"F4","fast",1,2,"C2",1,"fast",0,30
"4_066_4A",2,"F4","fast",1,2,"C2",1,"fast",1,6
"4_066_4B",2,"F4","fast",1,2,"C2",1,"fast",1,6
"4_066_4C",2,"F4","fast",1,NA,NA,NA,"uninf",0,30
"4_066_4D",2,"F4","fast",1,NA,NA,NA,"uninf",0,30
"4_066_5A",2,"F4","fast",1,2,"C1",1,"fast",1,6
"4_066_5B",2,"","",0,2,"C2",0,"unexp",1,6
"4_066_5C",2,"F4","fast",1,NA,NA,NA,"uninf",0,30
"4_066_5D",2,"F4","fast",1,2,"C2",1,"fast",1,10
"4_066_6A",2,"F4","fast",1,2,"C1",0,"uninf",1,8
"4_066_6B",2,"F4","fast",1,2,"C2",0,"uninf",1,8
"4_066_6C",2,"F4","fast",1,2,"C2",1,"fast",0,30
"4_066_6D",2,"F4","fast",1,2,"C2",0,"uninf",1,15
"4_067_1A",2,"C2","control",1,NA,NA,NA,"uninf",0,30
"4_067_1B",2,"C2","control",1,2,"C2",1,"control",0,30
"4_067_1C",2,"C2","control",1,2,"C2",0,"uninf",1,8
"4_067_1D",2,"C2","control",1,2,"C2",0,"uninf",1,8
"4_067_2A",2,"C2","control",1,NA,NA,NA,"uninf",0,30
"4_067_2B",2,"","",0,2,"C2",0,"unexp",0,30
"4_067_2C",2,"C2","control",1,2,"C2",1,"control",1,8
"4_067_2D",2,"C2","control",1,NA,NA,NA,"uninf",0,30
"4_067_3A",2,"C2","control",1,2,"C2",1,"control",0,30
"4_067_3B",2,"C2","control",1,2,"C2",0,"uninf",1,29
"4_067_3C",2,"C2","control",1,NA,NA,NA,"uninf",0,30
"4_067_3D",2,"C2","control",1,2,"C2",1,"control",1,8
"4_067_4A",2,"C2","control",1,2,"C2",1,"control",0,30
"4_067_4B",2,"C2","control",1,2,"C2",0,"uninf",0,30
"4_067_4C",2,"C2","control",1,2,"C2",0,"uninf",1,6
"4_067_4D",2,"C2","control",1,2,"C2",0,"uninf",1,6
"4_067_5A",2,"C2","control",1,2,"C2",1,"control",0,30
"4_067_5B",2,"C2","control",1,2,"C2",1,"control",0,30
"4_067_5C",2,"","",0,NA,NA,NA,"unexp",0,30
"4_067_5D",2,"C2","control",1,2,"C2",0,"uninf",1,6
"4_067_6A",2,"C2","control",1,2,"C2",0,"uninf",0,30
"4_067_6B",2,"C2","control",1,NA,NA,NA,"uninf",0,30
"4_067_6C",2,"C2","control",1,2,"C2",0,"uninf",1,6
"4_067_6D",2,"C2","control",1,2,"C2",0,"uninf",1,8
"4_068_1A",2,"S1","slow",1,2,"C2",0,"uninf",1,6
"4_068_1B",2,"","",0,2,"C2",0,"unexp",1,8
"4_068_1C",2,"S1","slow",1,2,"C2",1,"slow",0,30
"4_068_1D",2,"S1","slow",1,2,"C2",1,"slow",0,30
"4_068_2A",2,"S1","slow",1,NA,NA,NA,"uninf",0,30
"4_068_2B",2,"S1","slow",1,NA,NA,NA,"uninf",0,30
"4_068_2C",2,"S1","slow",1,2,"C2",1,"slow",0,30
"4_068_2D",2,"S1","slow",1,NA,NA,NA,"uninf",0,30
"4_068_3A",2,"S1","slow",1,NA,NA,NA,"uninf",0,30
"4_068_3B",2,"S1","slow",1,2,"C2",0,"uninf",1,8
"4_068_3C",2,"S1","slow",1,2,"C3",1,"slow",0,30
"4_068_3D",2,"S1","slow",1,2,"C3",1,"slow",0,30
"4_068_4A",2,"S1","slow",1,2,"C2",0,"uninf",1,8
"4_068_4B",2,"S1","slow",1,2,"C2",0,"uninf",1,8
"4_068_4C",2,"S1","slow",1,2,"C2",0,"uninf",0,30
"4_068_4D",2,"S1","slow",1,2,"C2",1,"slow",0,30
"4_068_5A",2,"S1","slow",1,2,"C2",1,"slow",1,6
"4_068_5B",2,"S1","slow",1,2,"C2",1,"slow",1,6
"4_068_5C",2,"S1","slow",1,2,"C2",0,"uninf",0,30
"4_068_5D",2,"S1","slow",1,2,"C2",0,"uninf",0,30
"4_068_6A",2,"S1","slow",1,2,"C2",1,"slow",1,8
"4_068_6B",2,"S1","slow",1,2,"C2",1,"slow",1,8
"4_068_6C",2,"S1","slow",1,2,"C2",1,"slow",1,24
"4_068_6D",2,"","",0,2,"C2",0,"unexp",0,30
"4_069_1A",2,"","",0,2,"C2",0,"unexp",0,30
"4_069_1B",2,"C3","control",1,2,"C2",0,"uninf",0,30
"4_069_1C",2,"C3","control",1,2,"C2",1,"control",1,6
"4_069_1D",2,"C3","control",1,NA,NA,NA,"uninf",0,30
"4_069_2A",2,"C3","control",1,2,"C2",1,"control",0,30
"4_069_2B",2,"C3","control",1,2,"C1",1,"control",1,6
"4_069_2C",2,"C3","control",1,2,"C2",1,"control",1,6
"4_069_2D",2,"C3","control",1,2,"C2",0,"uninf",1,6
"4_069_3A",2,"C3","control",1,2,"C2",0,"uninf",1,30
"4_069_3B",2,"C3","control",1,2,"C2",1,"control",1,29
"4_069_3C",2,"C3","control",1,2,"C2",1,"control",1,8
"4_069_3D",2,"","",0,2,"C2",0,"unexp",1,6
"4_069_4A",2,"C3","control",1,2,"C2",1,"control",1,8
"4_069_4B",2,"","",0,NA,NA,NA,"unexp",0,30
"4_069_4C",2,"C3","control",1,2,"C2",1,"control",1,8
"4_069_4D",2,"C3","control",1,2,"C2",1,"control",1,8
"4_069_5A",2,"C3","control",1,NA,NA,NA,"uninf",0,30
"4_069_5B",2,"C3","control",1,2,"C2",1,"control",0,30
"4_069_5C",2,"C3","control",1,2,"C2",1,"control",1,8
"4_069_5D",2,"C3","control",1,NA,NA,NA,"uninf",0,30
"4_069_6A",2,"C3","control",1,NA,NA,NA,"uninf",0,30
"4_069_6B",2,"C3","control",1,2,"C2",0,"uninf",1,8
"4_069_6C",2,"","",0,NA,NA,NA,"unexp",0,30
"4_069_6D",2,"C3","control",1,2,"C2",0,"uninf",1,8
"4_070_1A",2,"S9","slow",1,2,"C2",0,"uninf",1,6
"4_070_1B",2,"S9","slow",1,2,"C2",1,"slow",1,8
"4_070_1C",2,"S9","slow",1,2,"C2",1,"slow",0,30
"4_070_1D",2,"S9","slow",1,2,"C2",1,"slow",1,6
"4_070_2A",2,"","",0,2,"C2",0,"unexp",1,8
"4_070_2B",2,"S9","slow",1,2,"C2",0,"uninf",1,8
"4_070_2C",2,"S9","slow",1,2,"C2",1,"slow",0,30
"4_070_2D",2,"S9","slow",1,2,"C2",1,"slow",0,30
"4_070_3A",2,"S9","slow",1,2,"C2",1,"slow",1,8
"4_070_3B",2,"S9","slow",1,2,"C2",1,"slow",1,8
"4_070_3C",2,"S9","slow",1,2,"C2",1,"slow",0,30
"4_070_3D",2,"S9","slow",1,2,"C2",0,"uninf",0,30
"4_070_4A",2,"S9","slow",1,2,"C2",1,"slow",1,8
"4_070_4B",2,"S9","slow",1,2,"C2",0,"uninf",1,6
"4_070_4C",2,"S9","slow",1,2,"C2",0,"uninf",0,30
"4_070_4D",2,"S9","slow",1,2,"C2",1,"slow",0,30
"4_070_5A",2,"S9","slow",1,2,"C2",0,"uninf",1,8
"4_070_5B",2,"S9","slow",1,NA,NA,NA,"uninf",0,30
"4_070_5C",2,"","",0,2,"C2",0,"unexp",1,13
"4_070_5D",2,"S9","slow",1,2,"C1",0,"uninf",1,6
"4_070_6A",2,"S9","slow",1,2,"C2",1,"slow",1,8
"4_070_6B",2,"S9","slow",1,2,"C2",0,"uninf",1,6
"4_070_6C",2,"S9","slow",1,2,"C2",1,"slow",0,30
"4_070_6D",2,"S9","slow",1,2,"C2",0,"uninf",1,22
"4_071_1A",2,"S6","slow",1,2,"C2",1,"slow",1,15
"4_071_1B",2,"S6","slow",1,2,"C2",1,"slow",0,30
"4_071_1C",2,"S6","slow",1,2,"C2",0,"uninf",1,8
"4_071_1D",2,"S6","slow",1,NA,NA,NA,"uninf",0,30
"4_071_2A",2,"S6","slow",1,2,"C2",0,"uninf",1,13
"4_071_2B",2,"S6","slow",1,2,"C1",1,"slow",1,10
"4_071_2C",2,"","",0,2,"C2",0,"unexp",1,8
"4_071_2D",2,"S6","slow",1,2,"C2",1,"slow",1,6
"4_071_3A",2,"S6","slow",1,2,"C2",0,"uninf",1,27
"4_071_3B",2,"S6","slow",1,NA,NA,NA,"uninf",0,30
"4_071_3C",2,"S6","slow",1,2,"C2",1,"slow",1,6
"4_071_3D",2,"S6","slow",1,2,"C2",1,"slow",1,6
"4_071_4A",2,"S6","slow",1,2,"C2",1,"slow",0,30
"4_071_4B",2,"S6","slow",1,2,"C2",1,"slow",1,6
"4_071_4C",2,"S6","slow",1,2,"C2",1,"slow",1,6
"4_071_4D",2,"S6","slow",1,NA,NA,NA,"uninf",0,30
"4_071_5A",2,"","",0,2,"C2",0,"unexp",1,10
"4_071_5B",2,"S6","slow",1,NA,NA,NA,"uninf",0,30
"4_071_5C",2,"S6","slow",1,2,"C2",0,"uninf",1,8
"4_071_5D",2,"S6","slow",1,2,"C2",1,"slow",1,6
"4_071_6A",2,"S6","slow",1,2,"C2",1,"slow",0,30
"4_071_6B",2,"S6","slow",1,2,"C2",1,"slow",1,15
"4_071_6C",2,"S6","slow",1,2,"C2",1,"slow",1,8
"4_071_6D",2,"S6","slow",1,2,"C2",1,"slow",1,6
"4_072_1A",2,"C10","control",1,2,"C2",1,"control",1,8
"4_072_1B",2,"C10","control",1,2,"C2",0,"uninf",1,8
"4_072_1C",2,"C10","control",1,2,"C2",1,"control",0,30
"4_072_1D",2,"","",0,2,"C2",0,"unexp",0,30
"4_072_2A",2,"C10","control",1,2,"C2",0,"uninf",1,6
"4_072_2B",2,"C10","control",1,2,"C2",0,"uninf",1,8
"4_072_2C",2,"C10","control",1,NA,NA,NA,"uninf",0,30
"4_072_2D",2,"C10","control",1,2,"C2",1,"control",0,30
"4_072_3A",2,"","",0,2,"C2",0,"unexp",1,8
"4_072_3B",2,"C10","control",1,2,"C2",0,"uninf",1,6
"4_072_3C",2,"C10","control",1,2,"C2",1,"control",0,30
"4_072_3D",2,"C10","control",1,2,"C2",1,"control",0,30
"4_072_4A",2,"C10","control",1,NA,NA,NA,"uninf",0,30
"4_072_4B",2,"C10","control",1,2,"C2",1,"control",1,8
"4_072_4C",2,"","",0,2,"C2",0,"unexp",0,30
"4_072_4D",2,"C10","control",1,2,"C2",0,"uninf",0,30
"4_072_5A",2,"C10","control",1,NA,NA,NA,"uninf",0,30
"4_072_5B",2,"C10","control",1,2,"C2",1,"control",1,8
"4_072_5C",2,"C10","control",1,2,"C2",0,"uninf",0,30
"4_072_5D",2,"C10","control",1,2,"C2",1,"control",0,30
"4_072_6A",2,"C10","control",1,2,"C2",1,"control",1,8
"4_072_6B",2,"","",0,2,"C2",0,"unexp",1,8
"4_072_6C",2,"C10","control",1,2,"C2",1,"control",1,6
"4_072_6D",2,"C10","control",1,2,"C2",1,"control",0,30
